workload,protocol,fold,query_id,predicted_assignment,hint,postgres_first_s,execution_first_s,first_timed_out,inference_s
STACK,base_query,base_query_a,q12_06c8d688,NNNNH,NestLoop(tq1 s) NestLoop(tq1 s t1) NestLoop(a1 tq1 s t1) NestLoop(u1 a1 tq1 s t1) HashJoin(q1 u1 a1 tq1 s t1),0.07500380277633667,0.37501901388168335,True,0.09093192964792252
STACK,base_query,base_query_a,q12_07007205,HHHHH,HashJoin(q1 u1) HashJoin(tq1 s) HashJoin(tq1 s t1) HashJoin(a1 tq1 s t1) HashJoin(q1 u1 a1 tq1 s t1),0.15087434649467468,0.7543717324733734,True,0.08979325741529465
STACK,base_query,base_query_a,q12_547c6bf1,HHHHH,HashJoin(tq1 t1) HashJoin(q1 tq1 t1) HashJoin(u1 s) HashJoin(a1 u1 s) HashJoin(q1 tq1 t1 a1 u1 s),0.03401391953229904,0.1700695976614952,True,0.0834292322397232
STACK,base_query,base_query_a,q12_55de941e,HHHHH,HashJoin(q1 u1) HashJoin(tq1 s) HashJoin(tq1 s t1) HashJoin(a1 tq1 s t1) HashJoin(q1 u1 a1 tq1 s t1),0.6771367117762566,3.385683558881283,True,0.06526561826467514
STACK,base_query,base_query_a,q12_5a5ff9bd,HHHHH,HashJoin(tq1 t1) HashJoin(q1 tq1 t1) HashJoin(u1 s) HashJoin(a1 u1 s) HashJoin(q1 tq1 t1 a1 u1 s),0.09251455217599869,0.46257276087999344,True,0.06490351259708405
STACK,base_query,base_query_a,q12_76a47868,HHHHH,HashJoin(tq1 t1) HashJoin(q1 tq1 t1) HashJoin(u1 s) HashJoin(a1 u1 s) HashJoin(q1 tq1 t1 a1 u1 s),0.31263336539268494,1.5631668269634247,True,0.06141498684883118
STACK,base_query,base_query_a,q12_812a3eff,HHHHH,HashJoin(tq1 t1) HashJoin(q1 tq1 t1) HashJoin(u1 s) HashJoin(a1 u1 s) HashJoin(q1 tq1 t1 a1 u1 s),0.7306124046444893,3.6530620232224464,True,0.05910109728574753
STACK,base_query,base_query_a,q12_bde6c0cf,HHHHH,HashJoin(u1 s) HashJoin(q1 u1 s) HashJoin(tq1 t1) HashJoin(a1 tq1 t1) HashJoin(q1 u1 s a1 tq1 t1),0.05980893224477768,0.2990446612238884,True,0.07659479975700378
STACK,base_query,base_query_a,q14_4063b6cb,NNNHHHH,NestLoop(tq1 s) NestLoop(tq1 s t1) NestLoop(a1 tq1 s t1) HashJoin(q1 a1 tq1 s t1) HashJoin(b u1) HashJoin(acc b u1) HashJoin(q1 a1 tq1 s t1 acc b u1),0.3933686465024948,1.966843232512474,True,0.11482668668031693
STACK,base_query,base_query_a,q14_5dbc1d1f,HHHHHHH,HashJoin(tq1 t1) HashJoin(a1 tq1 t1) HashJoin(u1 s) HashJoin(acc u1 s) HashJoin(a1 tq1 t1 acc u1 s) HashJoin(b a1 tq1 t1 acc u1 s) HashJoin(q1 b a1 tq1 t1 acc u1 s),2.826802298426628,14.13401149213314,True,0.10644859075546265
STACK,base_query,base_query_a,q14_5e4835cd,NNNNNNH,NestLoop(tq1 s) NestLoop(tq1 s t1) NestLoop(q1 tq1 s t1) NestLoop(u1 q1 tq1 s t1) NestLoop(acc u1 q1 tq1 s t1) NestLoop(a1 acc u1 q1 tq1 s t1) HashJoin(b a1 acc u1 q1 tq1 s t1),0.13938697427511215,0.6969348713755608,True,0.11365818977355957
STACK,base_query,base_query_a,q14_63c0776f,HHHHHHH,HashJoin(u1 s) HashJoin(acc u1 s) HashJoin(a1 acc u1 s) HashJoin(tq1 t1) HashJoin(a1 acc u1 s tq1 t1) HashJoin(b a1 acc u1 s tq1 t1) HashJoin(q1 b a1 acc u1 s tq1 t1),0.08203186839818954,0.4101593419909477,True,0.10683883726596832
STACK,base_query,base_query_a,q14_719e692d,NNNNNNH,NestLoop(tq1 s) NestLoop(tq1 s t1) NestLoop(q1 tq1 s t1) NestLoop(u1 q1 tq1 s t1) NestLoop(acc u1 q1 tq1 s t1) NestLoop(a1 acc u1 q1 tq1 s t1) HashJoin(b a1 acc u1 q1 tq1 s t1),0.40871673822402954,2.0435836911201477,True,0.10688145458698273
STACK,base_query,base_query_a,q14_74fd1af6,NNNHHHH,NestLoop(tq1 s) NestLoop(tq1 s t1) NestLoop(a1 tq1 s t1) HashJoin(q1 a1 tq1 s t1) HashJoin(b u1) HashJoin(acc b u1) HashJoin(q1 a1 tq1 s t1 acc b u1),3.572228893637657,17.861144468188286,True,0.10671236366033554
STACK,base_query,base_query_a,q14_97e68ad5,NNNHHHH,NestLoop(tq1 s) NestLoop(tq1 s t1) NestLoop(a1 tq1 s t1) HashJoin(q1 a1 tq1 s t1) HashJoin(b u1) HashJoin(acc b u1) HashJoin(q1 a1 tq1 s t1 acc b u1),4.627458706498146,23.13729353249073,True,0.1053243950009346
STACK,base_query,base_query_a,q14_b49361f8,NHHHHHH,NestLoop(b s) HashJoin(tq1 t1) HashJoin(a1 tq1 t1) HashJoin(b s a1 tq1 t1) HashJoin(u1 b s a1 tq1 t1) HashJoin(acc u1 b s a1 tq1 t1) HashJoin(q1 acc u1 b s a1 tq1 t1),0.1500830352306366,0.750415176153183,True,0.10608331859111786
STACK,base_query,base_query_a,q15_21e4988a,NNNHHH,NestLoop(b1 s) NestLoop(u1 acc) NestLoop(b1 s u1 acc) HashJoin(tq1 b1 s u1 acc) HashJoin(tq1 b1 s u1 acc t1) HashJoin(q1 tq1 b1 s u1 acc t1),0.11088487505912781,0.554424375295639,True,0.08087464421987534
STACK,base_query,base_query_a,q15_3e37e626,NNNNNH,NestLoop(b1 s) NestLoop(u1 acc) NestLoop(b1 s u1 acc) NestLoop(q1 b1 s u1 acc) NestLoop(tq1 t1) HashJoin(q1 b1 s u1 acc tq1 t1),0.15591136366128922,0.7795568183064461,True,0.08261571079492569
STACK,base_query,base_query_a,q15_543ab3f7,NNNNNH,NestLoop(b1 s) NestLoop(u1 acc) NestLoop(b1 s u1 acc) NestLoop(q1 b1 s u1 acc) NestLoop(tq1 t1) HashJoin(q1 b1 s u1 acc tq1 t1),0.2564883902668953,1.2824419513344765,True,0.08938794583082199
STACK,base_query,base_query_a,q15_78995a5f,HHHHHH,HashJoin(tq1 t1) HashJoin(q1 tq1 t1) HashJoin(u1 acc) HashJoin(q1 tq1 t1 u1 acc) HashJoin(b1 s) HashJoin(q1 tq1 t1 u1 acc b1 s),0.166360042989254,0.83180021494627,True,0.08373811095952988
STACK,base_query,base_query_a,q15_b2ee2c78,NNNNNH,NestLoop(b1 s) NestLoop(u1 acc) NestLoop(b1 s u1 acc) NestLoop(q1 b1 s u1 acc) NestLoop(tq1 t1) HashJoin(q1 b1 s u1 acc tq1 t1),0.22470376640558243,1.1235188320279121,True,0.08173859864473343
STACK,base_query,base_query_a,q15_b8ddf65b,NNNNNH,NestLoop(b1 s) NestLoop(u1 acc) NestLoop(b1 s u1 acc) NestLoop(q1 b1 s u1 acc) NestLoop(tq1 t1) HashJoin(q1 b1 s u1 acc tq1 t1),0.4388984516263008,2.194492258131504,True,0.09974527359008789
STACK,base_query,base_query_a,q15_c9619ad4,NNNNNH,NestLoop(b1 s) NestLoop(u1 acc) NestLoop(b1 s u1 acc) NestLoop(q1 b1 s u1 acc) NestLoop(tq1 t1) HashJoin(q1 b1 s u1 acc tq1 t1),0.43551257252693176,2.177562862634659,True,0.07955878973007202
STACK,base_query,base_query_a,q15_d5546c01,NNNNNH,NestLoop(b1 s) NestLoop(u1 acc) NestLoop(b1 s u1 acc) NestLoop(q1 b1 s u1 acc) NestLoop(tq1 t1) HashJoin(q1 b1 s u1 acc tq1 t1),0.18133870512247086,0.9066935256123543,True,0.08554103225469589
STACK,base_query,base_query_a,q1_q1-009,NNN,NestLoop(tq s) NestLoop(tq s t) NestLoop(q tq s t),0.012710638344287872,0.03446003794670105,False,0.06051810085773468
STACK,base_query,base_query_a,q1_q1-031,NNN,NestLoop(tq s) NestLoop(tq s t) NestLoop(q tq s t),0.004885353147983551,0.024426765739917755,True,0.043122924864292145
STACK,base_query,base_query_a,q1_q1-035,NNN,NestLoop(tq s) NestLoop(tq s t) NestLoop(q tq s t),0.005089625716209412,0.025448128581047058,True,0.06254202127456665
STACK,base_query,base_query_a,q1_q1-067,NNN,NestLoop(tq s) NestLoop(tq s t) NestLoop(q tq s t),0.0853225439786911,0.09158789366483688,False,0.04440595209598541
STACK,base_query,base_query_a,q1_q1-075,NNN,NestLoop(tq s) NestLoop(tq s t) NestLoop(q tq s t),0.1149674654006958,0.12291553616523743,False,0.05976326763629913
STACK,base_query,base_query_a,q1_q1-098,NNN,NestLoop(tq s) NestLoop(tq s t) NestLoop(q tq s t),3.9030675664544106,3.3157460168004036,False,0.06277601420879364
STACK,base_query,base_query_a,q1_q1-099,NNN,NestLoop(tq s) NestLoop(tq s t) NestLoop(q tq s t),4.754256770014763,2.319613017141819,False,0.046319618821144104
STACK,base_query,base_query_a,q1_q1-100,NNN,NestLoop(tq s) NestLoop(tq s t) NestLoop(q tq s t),4.7113252729177475,2.3528564050793648,False,0.049203865230083466
STACK,base_query,base_query_a,q6_q6-002,NNNNNN,NestLoop(c1 s1) NestLoop(tq1 t1) NestLoop(q1 tq1 t1) NestLoop(u1 q1 tq1 t1) NestLoop(acc u1 q1 tq1 t1) NestLoop(c1 s1 acc u1 q1 tq1 t1),0.08395534753799438,0.12209950387477875,False,0.06524363905191422
STACK,base_query,base_query_a,q6_q6-009,NNNNNN,NestLoop(c1 s1) NestLoop(tq1 t1) NestLoop(q1 tq1 t1) NestLoop(u1 q1 tq1 t1) NestLoop(acc u1 q1 tq1 t1) NestLoop(c1 s1 acc u1 q1 tq1 t1),0.027010478079319,0.135052390396595,True,0.07683935016393661
STACK,base_query,base_query_a,q6_q6-060,NNNNNN,NestLoop(c1 s1) NestLoop(tq1 t1) NestLoop(q1 tq1 t1) NestLoop(u1 q1 tq1 t1) NestLoop(acc u1 q1 tq1 t1) NestLoop(c1 s1 acc u1 q1 tq1 t1),0.11642028391361237,0.5821014195680618,True,0.07373592257499695
STACK,base_query,base_query_a,q6_q6-064,NNNNNN,NestLoop(c1 s1) NestLoop(tq1 t1) NestLoop(q1 tq1 t1) NestLoop(u1 q1 tq1 t1) NestLoop(acc u1 q1 tq1 t1) NestLoop(c1 s1 acc u1 q1 tq1 t1),0.04552266001701355,0.0709952712059021,False,0.06537274271249771
STACK,base_query,base_query_a,q6_q6-065,NNNNNN,NestLoop(c1 s1) NestLoop(tq1 t1) NestLoop(q1 tq1 t1) NestLoop(u1 q1 tq1 t1) NestLoop(acc u1 q1 tq1 t1) NestLoop(c1 s1 acc u1 q1 tq1 t1),0.0275065079331398,0.13424333930015564,False,0.07723969966173172
STACK,base_query,base_query_a,q6_q6-067,NNNNNN,NestLoop(c1 s1) NestLoop(tq1 t1) NestLoop(q1 tq1 t1) NestLoop(u1 q1 tq1 t1) NestLoop(acc u1 q1 tq1 t1) NestLoop(c1 s1 acc u1 q1 tq1 t1),0.031712718307971954,0.06773082911968231,False,0.10034671425819397
STACK,base_query,base_query_a,q6_q6-069,NNNNNN,NestLoop(c1 s1) NestLoop(tq1 t1) NestLoop(q1 tq1 t1) NestLoop(u1 q1 tq1 t1) NestLoop(acc u1 q1 tq1 t1) NestLoop(c1 s1 acc u1 q1 tq1 t1),0.033255159854888916,0.14196519553661346,False,0.08987399190664291
STACK,base_query,base_query_a,q6_q6-085,NNNNNN,NestLoop(c1 s1) NestLoop(tq1 t1) NestLoop(q1 tq1 t1) NestLoop(u1 q1 tq1 t1) NestLoop(acc u1 q1 tq1 t1) NestLoop(c1 s1 acc u1 q1 tq1 t1),0.029971741139888763,0.14985870569944382,True,0.07053692638874054
STACK,base_query,base_query_b,q11_0ea8bacd,NNN,NestLoop(tq s) NestLoop(tq s t) NestLoop(q tq s t),0.0715152770280838,0.10866072028875351,False,0.07729258388280869
STACK,base_query,base_query_b,q11_33e1caf2,NNN,NestLoop(tq s) NestLoop(tq s t) NestLoop(q tq s t),0.05268019437789917,0.09269239753484726,False,0.07812483608722687
STACK,base_query,base_query_b,q11_6c5cba41,NNN,NestLoop(tq s) NestLoop(tq s t) NestLoop(q tq s t),0.07075469940900803,0.0951857939362526,False,0.06546315550804138
STACK,base_query,base_query_b,q11_87c4bd09,NNN,NestLoop(tq s) NestLoop(tq s t) NestLoop(q tq s t),0.2890235558152199,0.29437317699193954,False,0.04655975103378296
STACK,base_query,base_query_b,q11_9389f588,NNN,NestLoop(tq s) NestLoop(tq s t) NestLoop(q tq s t),0.03149590641260147,0.07281605154275894,False,0.052035123109817505
STACK,base_query,base_query_b,q11_aa96c8d7,NNN,NestLoop(tq s) NestLoop(tq s t) NestLoop(q tq s t),0.032785505056381226,0.0752948746085167,False,0.04929478466510773
STACK,base_query,base_query_b,q11_c1ae2a99,NNN,NestLoop(tq s) NestLoop(tq s t) NestLoop(q tq s t),1.856507696211338,1.7819375842809677,False,0.05918972194194794
STACK,base_query,base_query_b,q11_e4ca3559,NNN,NestLoop(tq s) NestLoop(tq s t) NestLoop(q tq s t),0.042335815727710724,0.08592788875102997,False,0.05632704496383667
STACK,base_query,base_query_b,q16_1e863562,HHHHHH,HashJoin(b1 s) HashJoin(u1 acc) HashJoin(b1 s u1 acc) HashJoin(q1 b1 s u1 acc) HashJoin(tq1 t1) HashJoin(q1 b1 s u1 acc tq1 t1),3.9629302695393562,19.81465134769678,True,0.09217581152915955
STACK,base_query,base_query_b,q16_374e3e4c,HHHHHH,HashJoin(b1 s) HashJoin(u1 acc) HashJoin(b1 s u1 acc) HashJoin(tq1 b1 s u1 acc) HashJoin(tq1 b1 s u1 acc t1) HashJoin(q1 tq1 b1 s u1 acc t1),5.835697412490845,29.178487062454224,True,0.09156492352485657
STACK,base_query,base_query_b,q16_b1a96cd4,HHHHHH,HashJoin(b1 s) HashJoin(u1 acc) HashJoin(b1 s u1 acc) HashJoin(q1 b1 s u1 acc) HashJoin(tq1 t1) HashJoin(q1 b1 s u1 acc tq1 t1),0.5263521149754524,2.631760574877262,True,0.07294359058141708
STACK,base_query,base_query_b,q16_d5290889,HHHHHH,HashJoin(b1 s) HashJoin(u1 acc) HashJoin(b1 s u1 acc) HashJoin(q1 b1 s u1 acc) HashJoin(tq1 t1) HashJoin(q1 b1 s u1 acc tq1 t1),0.11138366907835007,0.5569183453917503,True,0.07269357889890671
STACK,base_query,base_query_b,q16_ea9efde5,HHHHHH,HashJoin(b1 s) HashJoin(u1 acc) HashJoin(b1 s u1 acc) HashJoin(q1 b1 s u1 acc) HashJoin(tq1 t1) HashJoin(q1 b1 s u1 acc tq1 t1),0.30960768461227417,1.5480384230613708,True,0.07349842041730881
STACK,base_query,base_query_b,q16_ed2ffeae,HHHHHH,HashJoin(b1 s) HashJoin(u1 acc) HashJoin(b1 s u1 acc) HashJoin(tq1 b1 s u1 acc) HashJoin(tq1 b1 s u1 acc t1) HashJoin(q1 tq1 b1 s u1 acc t1),1.5610832124948502,7.805416062474251,True,0.11280827969312668
STACK,base_query,base_query_b,q16_f67cec3d,HHHHHH,HashJoin(b1 s) HashJoin(u1 acc) HashJoin(b1 s u1 acc) HashJoin(tq1 b1 s u1 acc) HashJoin(tq1 b1 s u1 acc t1) HashJoin(q1 tq1 b1 s u1 acc t1),0.12622737139463425,0.6311368569731712,True,0.09707202762365341
STACK,base_query,base_query_b,q16_fbe34e8f,HHHHHH,HashJoin(b1 s) HashJoin(u1 acc) HashJoin(b1 s u1 acc) HashJoin(q1 b1 s u1 acc) HashJoin(tq1 t1) HashJoin(q1 b1 s u1 acc tq1 t1),4.375067964196205,21.875339820981026,True,0.07160823792219162
STACK,base_query,base_query_b,q2_q2-001,NNNHHHHHHH,NestLoop(tq1 s1) NestLoop(tq1 s1 t1) NestLoop(q1 tq1 s1 t1) HashJoin(tq2 s2) HashJoin(q2 tq2 s2) HashJoin(u2 q2 tq2 s2) HashJoin(acc u2 q2 tq2 s2) HashJoin(u1 acc u2 q2 tq2 s2) HashJoin(q1 tq1 s1 t1 u1 acc u2 q2 tq2 s2) HashJoin(q1 tq1 s1 t1 u1 acc u2 q2 tq2 s2 t2),16.309234365820885,81.54617182910442,True,0.18023840337991714
STACK,base_query,base_query_b,q2_q2-012,NNNHHHHHHH,NestLoop(tq1 s1) NestLoop(tq1 s1 t1) NestLoop(q1 tq1 s1 t1) HashJoin(tq2 s2) HashJoin(q2 tq2 s2) HashJoin(u2 q2 tq2 s2) HashJoin(acc u2 q2 tq2 s2) HashJoin(u1 acc u2 q2 tq2 s2) HashJoin(q1 tq1 s1 t1 u1 acc u2 q2 tq2 s2) HashJoin(q1 tq1 s1 t1 u1 acc u2 q2 tq2 s2 t2),9.409016735851765,47.04508367925882,True,0.1799662858247757
STACK,base_query,base_query_b,q2_q2-032,NNNHHHHHHH,NestLoop(tq1 s1) NestLoop(tq1 s1 t1) NestLoop(q1 tq1 s1 t1) HashJoin(tq2 s2) HashJoin(q2 tq2 s2) HashJoin(u2 q2 tq2 s2) HashJoin(acc u2 q2 tq2 s2) HashJoin(u1 acc u2 q2 tq2 s2) HashJoin(q1 tq1 s1 t1 u1 acc u2 q2 tq2 s2) HashJoin(q1 tq1 s1 t1 u1 acc u2 q2 tq2 s2 t2),1.4960154816508293,7.480077408254147,True,0.17096281796693802
STACK,base_query,base_query_b,q2_q2-035,NNNHHHHHHH,NestLoop(tq1 s1) NestLoop(tq1 s1 t1) NestLoop(q1 tq1 s1 t1) HashJoin(tq2 s2) HashJoin(q2 tq2 s2) HashJoin(u2 q2 tq2 s2) HashJoin(acc u2 q2 tq2 s2) HashJoin(u1 acc u2 q2 tq2 s2) HashJoin(q1 tq1 s1 t1 u1 acc u2 q2 tq2 s2) HashJoin(q1 tq1 s1 t1 u1 acc u2 q2 tq2 s2 t2),2.1946904063224792,10.973452031612396,True,0.16831263154745102
STACK,base_query,base_query_b,q2_q2-050,NNNHHHHHHH,NestLoop(tq1 s1) NestLoop(tq1 s1 t1) NestLoop(q1 tq1 s1 t1) HashJoin(tq2 s2) HashJoin(q2 tq2 s2) HashJoin(u2 q2 tq2 s2) HashJoin(acc u2 q2 tq2 s2) HashJoin(u1 acc u2 q2 tq2 s2) HashJoin(q1 tq1 s1 t1 u1 acc u2 q2 tq2 s2) HashJoin(q1 tq1 s1 t1 u1 acc u2 q2 tq2 s2 t2),0.8908358663320541,4.454179331660271,True,0.15366695821285248
STACK,base_query,base_query_b,q2_q2-081,NNNHHHHHHH,NestLoop(tq1 s1) NestLoop(tq1 s1 t1) NestLoop(q1 tq1 s1 t1) HashJoin(tq2 s2) HashJoin(q2 tq2 s2) HashJoin(u2 q2 tq2 s2) HashJoin(acc u2 q2 tq2 s2) HashJoin(u1 acc u2 q2 tq2 s2) HashJoin(q1 tq1 s1 t1 u1 acc u2 q2 tq2 s2) HashJoin(q1 tq1 s1 t1 u1 acc u2 q2 tq2 s2 t2),10.19941482692957,50.997074134647846,True,0.14584939181804657
STACK,base_query,base_query_b,q2_q2-094,NNNHHHHHHH,NestLoop(tq1 s1) NestLoop(tq1 s1 t1) NestLoop(q1 tq1 s1 t1) HashJoin(tq2 s2) HashJoin(q2 tq2 s2) HashJoin(u2 q2 tq2 s2) HashJoin(acc u2 q2 tq2 s2) HashJoin(u1 acc u2 q2 tq2 s2) HashJoin(q1 tq1 s1 t1 u1 acc u2 q2 tq2 s2) HashJoin(q1 tq1 s1 t1 u1 acc u2 q2 tq2 s2 t2),6.553015917539597,32.76507958769798,True,0.14301595091819763
STACK,base_query,base_query_b,q2_q2-098,NNNHHHHHHH,NestLoop(tq1 s1) NestLoop(tq1 s1 t1) NestLoop(q1 tq1 s1 t1) HashJoin(tq2 s2) HashJoin(q2 tq2 s2) HashJoin(u2 q2 tq2 s2) HashJoin(acc u2 q2 tq2 s2) HashJoin(u1 acc u2 q2 tq2 s2) HashJoin(q1 tq1 s1 t1 u1 acc u2 q2 tq2 s2) HashJoin(q1 tq1 s1 t1 u1 acc u2 q2 tq2 s2 t2),16.64875388890505,83.24376944452524,True,0.1533113420009613
STACK,base_query,base_query_b,q3_q3-018,NNNHHHHHHHH,NestLoop(tq2 s2) NestLoop(tq2 s2 t2) NestLoop(q2 tq2 s2 t2) HashJoin(u1 s1) HashJoin(acc u1 s1) HashJoin(u2 acc u1 s1) HashJoin(q2 tq2 s2 t2 u2 acc u1 s1) HashJoin(q1 q2 tq2 s2 t2 u2 acc u1 s1) HashJoin(tq1 t1) HashJoin(a1 tq1 t1) HashJoin(q1 q2 tq2 s2 t2 u2 acc u1 s1 a1 tq1 t1),0.7337978482246399,3.6689892411231995,True,0.3056028261780739
STACK,base_query,base_query_b,q3_q3-040,NNNHHHHHHHH,NestLoop(tq2 s2) NestLoop(tq2 s2 t2) NestLoop(q2 tq2 s2 t2) HashJoin(u1 s1) HashJoin(acc u1 s1) HashJoin(u2 acc u1 s1) HashJoin(q2 tq2 s2 t2 u2 acc u1 s1) HashJoin(q1 q2 tq2 s2 t2 u2 acc u1 s1) HashJoin(tq1 t1) HashJoin(a1 tq1 t1) HashJoin(q1 q2 tq2 s2 t2 u2 acc u1 s1 a1 tq1 t1),4.922441631555557,24.612208157777786,True,0.29119616001844406
STACK,base_query,base_query_b,q3_q3-043,NNNHHHHHHHH,NestLoop(tq2 s2) NestLoop(tq2 s2 t2) NestLoop(q2 tq2 s2 t2) HashJoin(u1 s1) HashJoin(acc u1 s1) HashJoin(u2 acc u1 s1) HashJoin(q2 tq2 s2 t2 u2 acc u1 s1) HashJoin(q1 q2 tq2 s2 t2 u2 acc u1 s1) HashJoin(tq1 t1) HashJoin(a1 tq1 t1) HashJoin(q1 q2 tq2 s2 t2 u2 acc u1 s1 a1 tq1 t1),0.851536251604557,4.257681258022785,True,0.29262056201696396
STACK,base_query,base_query_b,q3_q3-046,NNNHHHHHHHH,NestLoop(tq2 s2) NestLoop(tq2 s2 t2) NestLoop(q2 tq2 s2 t2) HashJoin(u1 s1) HashJoin(acc u1 s1) HashJoin(u2 acc u1 s1) HashJoin(q2 tq2 s2 t2 u2 acc u1 s1) HashJoin(q1 q2 tq2 s2 t2 u2 acc u1 s1) HashJoin(tq1 t1) HashJoin(a1 tq1 t1) HashJoin(q1 q2 tq2 s2 t2 u2 acc u1 s1 a1 tq1 t1),0.5024866014719009,2.5124330073595047,True,0.27781301736831665
STACK,base_query,base_query_b,q3_q3-066,NNNHHHHHHHH,NestLoop(tq2 s2) NestLoop(tq2 s2 t2) NestLoop(q2 tq2 s2 t2) HashJoin(u1 s1) HashJoin(acc u1 s1) HashJoin(u2 acc u1 s1) HashJoin(q2 tq2 s2 t2 u2 acc u1 s1) HashJoin(q1 q2 tq2 s2 t2 u2 acc u1 s1) HashJoin(tq1 t1) HashJoin(a1 tq1 t1) HashJoin(q1 q2 tq2 s2 t2 u2 acc u1 s1 a1 tq1 t1),1.9518007561564445,9.759003780782223,True,0.28348806500434875
STACK,base_query,base_query_b,q3_q3-068,NNNHHHHHHHH,NestLoop(tq2 s2) NestLoop(tq2 s2 t2) NestLoop(q2 tq2 s2 t2) HashJoin(u1 s1) HashJoin(acc u1 s1) HashJoin(u2 acc u1 s1) HashJoin(q2 tq2 s2 t2 u2 acc u1 s1) HashJoin(q1 q2 tq2 s2 t2 u2 acc u1 s1) HashJoin(tq1 t1) HashJoin(a1 tq1 t1) HashJoin(q1 q2 tq2 s2 t2 u2 acc u1 s1 a1 tq1 t1),0.658811628818512,3.29405814409256,True,0.29747381806373596
STACK,base_query,base_query_b,q3_q3-086,NNNHHHHHHHH,NestLoop(tq2 s2) NestLoop(tq2 s2 t2) NestLoop(q2 tq2 s2 t2) HashJoin(u1 s1) HashJoin(acc u1 s1) HashJoin(u2 acc u1 s1) HashJoin(q2 tq2 s2 t2 u2 acc u1 s1) HashJoin(q1 q2 tq2 s2 t2 u2 acc u1 s1) HashJoin(tq1 t1) HashJoin(a1 tq1 t1) HashJoin(q1 q2 tq2 s2 t2 u2 acc u1 s1 a1 tq1 t1),1.0092211440205574,5.046105720102787,True,0.2708367481827736
STACK,base_query,base_query_b,q3_q3-099,NNNHHHHHHHH,NestLoop(tq2 s2) NestLoop(tq2 s2 t2) NestLoop(q2 tq2 s2 t2) HashJoin(u1 s1) HashJoin(acc u1 s1) HashJoin(u2 acc u1 s1) HashJoin(q2 tq2 s2 t2 u2 acc u1 s1) HashJoin(q1 q2 tq2 s2 t2 u2 acc u1 s1) HashJoin(tq1 t1) HashJoin(a1 tq1 t1) HashJoin(q1 q2 tq2 s2 t2 u2 acc u1 s1 a1 tq1 t1),7.010768711566925,19.755262710154057,False,0.2729676589369774
STACK,base_query,base_query_b,q5_q5-015,NNNNNN,NestLoop(c1 s1) NestLoop(tq1 t1) NestLoop(q1 tq1 t1) NestLoop(u1 q1 tq1 t1) NestLoop(acc u1 q1 tq1 t1) NestLoop(c1 s1 acc u1 q1 tq1 t1),0.01978524774312973,0.04979488253593445,False,0.08338385820388794
STACK,base_query,base_query_b,q5_q5-032,NNNNNN,NestLoop(c1 s1) NestLoop(tq1 t1) NestLoop(q1 tq1 t1) NestLoop(u1 q1 tq1 t1) NestLoop(acc u1 q1 tq1 t1) NestLoop(c1 s1 acc u1 q1 tq1 t1),0.026326052844524384,0.0831766203045845,False,0.08130718022584915
STACK,base_query,base_query_b,q5_q5-041,NNNNNN,NestLoop(c1 s1) NestLoop(tq1 t1) NestLoop(q1 tq1 t1) NestLoop(u1 q1 tq1 t1) NestLoop(acc u1 q1 tq1 t1) NestLoop(c1 s1 acc u1 q1 tq1 t1),0.03854881227016449,0.19274406135082245,True,0.080879345536232
STACK,base_query,base_query_b,q5_q5-052,NNNNNN,NestLoop(c1 s1) NestLoop(tq1 t1) NestLoop(q1 tq1 t1) NestLoop(u1 q1 tq1 t1) NestLoop(acc u1 q1 tq1 t1) NestLoop(c1 s1 acc u1 q1 tq1 t1),0.0275145024061203,0.058945417404174805,False,0.08905500173568726
STACK,base_query,base_query_b,q5_q5-059,NNNNNN,NestLoop(c1 s1) NestLoop(tq1 t1) NestLoop(q1 tq1 t1) NestLoop(u1 q1 tq1 t1) NestLoop(acc u1 q1 tq1 t1) NestLoop(c1 s1 acc u1 q1 tq1 t1),0.0318162739276886,0.07977131009101868,False,0.0955088809132576
STACK,base_query,base_query_b,q5_q5-077,NNNNNN,NestLoop(c1 s1) NestLoop(tq1 t1) NestLoop(q1 tq1 t1) NestLoop(u1 q1 tq1 t1) NestLoop(acc u1 q1 tq1 t1) NestLoop(c1 s1 acc u1 q1 tq1 t1),0.021434128284454346,0.04824882745742798,False,0.07196754217147827
STACK,base_query,base_query_b,q5_q5-079,NNNNNN,NestLoop(c1 s1) NestLoop(tq1 t1) NestLoop(q1 tq1 t1) NestLoop(u1 q1 tq1 t1) NestLoop(acc u1 q1 tq1 t1) NestLoop(c1 s1 acc u1 q1 tq1 t1),0.054059386253356934,0.22867115586996078,False,0.07489287108182907
STACK,base_query,base_query_b,q5_q5-082,NNNNNN,NestLoop(c1 s1) NestLoop(tq1 t1) NestLoop(q1 tq1 t1) NestLoop(u1 q1 tq1 t1) NestLoop(acc u1 q1 tq1 t1) NestLoop(c1 s1 acc u1 q1 tq1 t1),0.03385353833436966,0.1692676916718483,True,0.09941307455301285
STACK,base_query,base_query_c,q13_13ad1b8c,NNNNHHH,NestLoop(tq1 s) NestLoop(tq1 s t1) NestLoop(a1 tq1 s t1) NestLoop(u1 a1 tq1 s t1) HashJoin(acc u1 a1 tq1 s t1) HashJoin(b acc u1 a1 tq1 s t1) HashJoin(q1 b acc u1 a1 tq1 s t1),0.5753174424171448,2.876587212085724,True,0.15161684900522232
STACK,base_query,base_query_c,q13_1ddcc865,HHHHHHH,HashJoin(u1 s) HashJoin(acc u1 s) HashJoin(a1 acc u1 s) HashJoin(tq1 t1) HashJoin(a1 acc u1 s tq1 t1) HashJoin(b a1 acc u1 s tq1 t1) HashJoin(q1 b a1 acc u1 s tq1 t1),0.6729220524430275,3.3646102622151375,True,0.14287398010492325
STACK,base_query,base_query_c,q13_935e2051,NNNNHHH,NestLoop(tq1 s) NestLoop(tq1 s t1) NestLoop(q1 tq1 s t1) NestLoop(u1 q1 tq1 s t1) HashJoin(acc u1 q1 tq1 s t1) HashJoin(a1 acc u1 q1 tq1 s t1) HashJoin(b a1 acc u1 q1 tq1 s t1),3.196687377989292,15.98343688994646,True,0.1294425055384636
STACK,base_query,base_query_c,q13_a091adce,NNNNHHH,NestLoop(tq1 s) NestLoop(tq1 s t1) NestLoop(a1 tq1 s t1) NestLoop(u1 a1 tq1 s t1) HashJoin(acc u1 a1 tq1 s t1) HashJoin(b acc u1 a1 tq1 s t1) HashJoin(q1 b acc u1 a1 tq1 s t1),0.2781296744942665,1.3906483724713326,True,0.13869983702898026
STACK,base_query,base_query_c,q13_a3d03772,NNNNNHN,NestLoop(tq1 s) NestLoop(tq1 s t1) NestLoop(a1 tq1 s t1) NestLoop(q1 a1 tq1 s t1) NestLoop(b u1) HashJoin(acc b u1) NestLoop(q1 a1 tq1 s t1 acc b u1),1.129690371453762,4.046928532421589,False,0.11019561439752579
STACK,base_query,base_query_c,q13_add0df9d,HHHHHHH,HashJoin(a1 u1) HashJoin(tq1 s) HashJoin(tq1 s t1) HashJoin(a1 u1 tq1 s t1) HashJoin(acc a1 u1 tq1 s t1) HashJoin(b acc a1 u1 tq1 s t1) HashJoin(q1 b acc a1 u1 tq1 s t1),0.9009182825684547,4.504591412842274,True,0.10739390552043915
STACK,base_query,base_query_c,q13_d383cd5b,NHHHHHH,NestLoop(tq1 s) HashJoin(q1 tq1 s) HashJoin(a1 u1) HashJoin(a1 u1 t1) HashJoin(acc a1 u1 t1) HashJoin(q1 tq1 s acc a1 u1 t1) HashJoin(q1 tq1 s acc a1 u1 t1 b),0.17987912148237228,0.8993956074118614,True,0.12066441774368286
STACK,base_query,base_query_c,q13_d4707be2,NHHHHHH,NestLoop(tq1 s) HashJoin(a1 tq1 s) HashJoin(b a1 tq1 s) HashJoin(u1 b a1 tq1 s) HashJoin(acc u1 b a1 tq1 s) HashJoin(q1 acc u1 b a1 tq1 s) HashJoin(q1 acc u1 b a1 tq1 s t1),0.2935541421175003,1.4677707105875015,True,0.1220564916729927
STACK,base_query,base_query_c,q4_q4-002,HHHHHH,HashJoin(tq1 t1) HashJoin(a1 tq1 t1) HashJoin(u1 s1) HashJoin(acc u1 s1) HashJoin(a1 tq1 t1 acc u1 s1) HashJoin(q1 a1 tq1 t1 acc u1 s1),0.08486863225698471,0.42434316128492355,True,0.06977660953998566
STACK,base_query,base_query_c,q4_q4-026,HHHHHH,HashJoin(tq1 t1) HashJoin(a1 tq1 t1) HashJoin(u1 s1) HashJoin(acc u1 s1) HashJoin(a1 tq1 t1 acc u1 s1) HashJoin(q1 a1 tq1 t1 acc u1 s1),0.06783993542194366,0.3391996771097183,True,0.06910330802202225
STACK,base_query,base_query_c,q4_q4-041,HHHHHH,HashJoin(tq1 t1) HashJoin(a1 tq1 t1) HashJoin(u1 s1) HashJoin(acc u1 s1) HashJoin(a1 tq1 t1 acc u1 s1) HashJoin(q1 a1 tq1 t1 acc u1 s1),0.21774840354919434,1.0887420177459717,True,0.06974142789840698
STACK,base_query,base_query_c,q4_q4-042,HHHHHH,HashJoin(tq1 t1) HashJoin(a1 tq1 t1) HashJoin(u1 s1) HashJoin(acc u1 s1) HashJoin(a1 tq1 t1 acc u1 s1) HashJoin(q1 a1 tq1 t1 acc u1 s1),0.07684051990509033,0.38420259952545166,True,0.07618009299039841
STACK,base_query,base_query_c,q4_q4-064,HHHHHH,HashJoin(tq1 t1) HashJoin(a1 tq1 t1) HashJoin(u1 s1) HashJoin(acc u1 s1) HashJoin(a1 tq1 t1 acc u1 s1) HashJoin(q1 a1 tq1 t1 acc u1 s1),0.05022797733545303,0.25113988667726517,True,0.08836627006530762
STACK,base_query,base_query_c,q4_q4-074,HHHHHH,HashJoin(tq1 t1) HashJoin(a1 tq1 t1) HashJoin(u1 s1) HashJoin(acc u1 s1) HashJoin(a1 tq1 t1 acc u1 s1) HashJoin(q1 a1 tq1 t1 acc u1 s1),0.13261930644512177,0.6630965322256088,True,0.07618492841720581
STACK,base_query,base_query_c,q4_q4-086,HHHHHH,HashJoin(tq1 t1) HashJoin(a1 tq1 t1) HashJoin(u1 s1) HashJoin(acc u1 s1) HashJoin(a1 tq1 t1 acc u1 s1) HashJoin(q1 a1 tq1 t1 acc u1 s1),0.09029574692249298,0.4514787346124649,True,0.07568969577550888
STACK,base_query,base_query_c,q4_q4-089,HHHHHH,HashJoin(tq1 t1) HashJoin(a1 tq1 t1) HashJoin(u1 s1) HashJoin(acc u1 s1) HashJoin(a1 tq1 t1 acc u1 s1) HashJoin(q1 a1 tq1 t1 acc u1 s1),0.15492696315050125,0.7746348157525063,True,0.07790953665971756
STACK,base_query,base_query_c,q7_q7-034,HHH,HashJoin(u acc) HashJoin(b2 u acc) HashJoin(b1 b2 u acc),4.953305304050446,15.482628248631954,False,0.04512617737054825
STACK,base_query,base_query_c,q7_q7-036,HHH,HashJoin(u acc) HashJoin(b2 u acc) HashJoin(b1 b2 u acc),4.019183225929737,15.322635985910892,False,0.04365869611501694
STACK,base_query,base_query_c,q7_q7-047,HHH,HashJoin(u acc) HashJoin(b2 u acc) HashJoin(b1 b2 u acc),4.1299391239881516,15.452555477619171,False,0.04299218952655792
STACK,base_query,base_query_c,q7_q7-077,HHH,HashJoin(u acc) HashJoin(b2 u acc) HashJoin(b1 b2 u acc),3.966997303068638,15.655871756374836,False,0.0432572215795517
STACK,base_query,base_query_c,q7_q7-082,HHH,HashJoin(u acc) HashJoin(b2 u acc) HashJoin(b1 b2 u acc),4.125007972121239,15.958059698343277,False,0.04489529877901077
STACK,base_query,base_query_c,q7_q7-085,HHH,HashJoin(u acc) HashJoin(b2 u acc) HashJoin(b1 b2 u acc),4.181164056062698,15.4010214433074,False,0.043893858790397644
STACK,base_query,base_query_c,q7_q7-095,HHH,HashJoin(u acc) HashJoin(b2 u acc) HashJoin(b1 b2 u acc),4.233607284724712,16.125616125762463,False,0.04530832916498184
STACK,base_query,base_query_c,q7_q7-099,HHH,HashJoin(u acc) HashJoin(b2 u acc) HashJoin(b1 b2 u acc),4.20496029406786,15.889959685504436,False,0.04344870150089264
STACK,base_query,base_query_c,q8_q8-006,HHHHHHHH,HashJoin(c2 s) HashJoin(pl c2 s) HashJoin(tq1 pl c2 s) HashJoin(tq2 t) HashJoin(tq1 pl c2 s tq2 t) HashJoin(q1 tq1 pl c2 s tq2 t) HashJoin(q2 q1 tq1 pl c2 s tq2 t) HashJoin(c1 q2 q1 tq1 pl c2 s tq2 t),0.23843546211719513,1.1921773105859756,True,0.31137948483228683
STACK,base_query,base_query_c,q8_q8-025,HHHHHHHH,HashJoin(c2 s) HashJoin(pl c2 s) HashJoin(tq1 pl c2 s) HashJoin(tq2 t) HashJoin(tq1 pl c2 s tq2 t) HashJoin(q1 tq1 pl c2 s tq2 t) HashJoin(q2 q1 tq1 pl c2 s tq2 t) HashJoin(c1 q2 q1 tq1 pl c2 s tq2 t),0.2304770052433014,1.152385026216507,True,0.31753145158290863
STACK,base_query,base_query_c,q8_q8-046,HHHHHHHH,HashJoin(c2 s) HashJoin(pl c2 s) HashJoin(tq1 pl c2 s) HashJoin(tq2 t) HashJoin(tq1 pl c2 s tq2 t) HashJoin(q1 tq1 pl c2 s tq2 t) HashJoin(q2 q1 tq1 pl c2 s tq2 t) HashJoin(c1 q2 q1 tq1 pl c2 s tq2 t),0.23581094294786453,1.1790547147393227,True,0.33433715254068375
STACK,base_query,base_query_c,q8_q8-062,HHHHHHHH,HashJoin(c2 s) HashJoin(pl c2 s) HashJoin(tq1 pl c2 s) HashJoin(tq2 t) HashJoin(tq1 pl c2 s tq2 t) HashJoin(q1 tq1 pl c2 s tq2 t) HashJoin(q2 q1 tq1 pl c2 s tq2 t) HashJoin(c1 q2 q1 tq1 pl c2 s tq2 t),0.2331136390566826,1.165568195283413,True,0.3379684314131737
STACK,base_query,base_query_c,q8_q8-065,HHHHHHHH,HashJoin(c2 s) HashJoin(pl c2 s) HashJoin(tq1 pl c2 s) HashJoin(tq2 t) HashJoin(tq1 pl c2 s tq2 t) HashJoin(q1 tq1 pl c2 s tq2 t) HashJoin(q2 q1 tq1 pl c2 s tq2 t) HashJoin(c1 q2 q1 tq1 pl c2 s tq2 t),0.23643840849399567,1.1821920424699783,True,0.3390226364135742
STACK,base_query,base_query_c,q8_q8-074,HHHHHHHH,HashJoin(c2 s) HashJoin(pl c2 s) HashJoin(tq1 pl c2 s) HashJoin(tq2 t) HashJoin(tq1 pl c2 s tq2 t) HashJoin(q1 tq1 pl c2 s tq2 t) HashJoin(q2 q1 tq1 pl c2 s tq2 t) HashJoin(c1 q2 q1 tq1 pl c2 s tq2 t),0.2393370196223259,1.1966850981116295,True,0.33497703820466995
STACK,base_query,base_query_c,q8_q8-076,HHHHHHHH,HashJoin(c2 s) HashJoin(pl c2 s) HashJoin(tq1 pl c2 s) HashJoin(tq2 t) HashJoin(tq1 pl c2 s tq2 t) HashJoin(q1 tq1 pl c2 s tq2 t) HashJoin(q2 q1 tq1 pl c2 s tq2 t) HashJoin(c1 q2 q1 tq1 pl c2 s tq2 t),0.23590702563524246,1.1795351281762123,True,0.3339093402028084
STACK,base_query,base_query_c,q8_q8-096,HHHHHHHH,HashJoin(c2 s) HashJoin(pl c2 s) HashJoin(tq1 pl c2 s) HashJoin(tq2 t) HashJoin(tq1 pl c2 s tq2 t) HashJoin(q1 tq1 pl c2 s tq2 t) HashJoin(q2 q1 tq1 pl c2 s tq2 t) HashJoin(c1 q2 q1 tq1 pl c2 s tq2 t),0.23253224045038223,1.1626612022519112,True,0.32096902281045914
STACK,leave_one_out,leave_one_out_a,q11_0ea8bacd,NNN,NestLoop(tq s) NestLoop(tq s t) NestLoop(q tq s t),0.0715152770280838,0.25022369623184204,False,0.052685827016830444
STACK,leave_one_out,leave_one_out_a,q11_33e1caf2,NNN,NestLoop(tq s) NestLoop(tq s t) NestLoop(q tq s t),0.05268019437789917,0.12161237746477127,False,0.05233273655176163
STACK,leave_one_out,leave_one_out_a,q12_06c8d688,NNNNH,NestLoop(tq1 s) NestLoop(tq1 s t1) NestLoop(a1 tq1 s t1) NestLoop(u1 a1 tq1 s t1) HashJoin(q1 u1 a1 tq1 s t1),0.07500380277633667,0.37501901388168335,True,0.07959040999412537
STACK,leave_one_out,leave_one_out_a,q12_76a47868,HHHHH,HashJoin(tq1 t1) HashJoin(q1 tq1 t1) HashJoin(u1 s) HashJoin(a1 u1 s) HashJoin(q1 tq1 t1 a1 u1 s),0.31263336539268494,1.5631668269634247,True,0.08292455226182938
STACK,leave_one_out,leave_one_out_a,q12_bde6c0cf,HHHHH,HashJoin(u1 s) HashJoin(q1 u1 s) HashJoin(tq1 t1) HashJoin(a1 tq1 t1) HashJoin(q1 u1 s a1 tq1 t1),0.05980893224477768,0.2990446612238884,True,0.09712835401296616
STACK,leave_one_out,leave_one_out_a,q13_add0df9d,HHHHHHH,HashJoin(a1 u1) HashJoin(tq1 s) HashJoin(tq1 s t1) HashJoin(a1 u1 tq1 s t1) HashJoin(acc a1 u1 tq1 s t1) HashJoin(b acc a1 u1 tq1 s t1) HashJoin(q1 b acc a1 u1 tq1 s t1),0.9009182825684547,4.504591412842274,True,0.13641493022441864
STACK,leave_one_out,leave_one_out_a,q13_d383cd5b,NHHHHHH,NestLoop(tq1 s) HashJoin(q1 tq1 s) HashJoin(a1 u1) HashJoin(a1 u1 t1) HashJoin(acc a1 u1 t1) HashJoin(q1 tq1 s acc a1 u1 t1) HashJoin(q1 tq1 s acc a1 u1 t1 b),0.17987912148237228,0.8993956074118614,True,0.11967214196920395
STACK,leave_one_out,leave_one_out_a,q13_d4707be2,NHHHHHH,NestLoop(tq1 s) HashJoin(a1 tq1 s) HashJoin(b a1 tq1 s) HashJoin(u1 b a1 tq1 s) HashJoin(acc u1 b a1 tq1 s) HashJoin(q1 acc u1 b a1 tq1 s) HashJoin(q1 acc u1 b a1 tq1 s t1),0.2935541421175003,1.4677707105875015,True,0.1482786238193512
STACK,leave_one_out,leave_one_out_a,q14_5dbc1d1f,HHHHHHH,HashJoin(tq1 t1) HashJoin(a1 tq1 t1) HashJoin(u1 s) HashJoin(acc u1 s) HashJoin(a1 tq1 t1 acc u1 s) HashJoin(b a1 tq1 t1 acc u1 s) HashJoin(q1 b a1 tq1 t1 acc u1 s),2.826802298426628,14.13401149213314,True,0.11690842360258102
STACK,leave_one_out,leave_one_out_a,q14_97e68ad5,NNNNNNN,NestLoop(tq1 s) NestLoop(tq1 s t1) NestLoop(a1 tq1 s t1) NestLoop(q1 a1 tq1 s t1) NestLoop(b u1) NestLoop(acc b u1) NestLoop(q1 a1 tq1 s t1 acc b u1),4.627458706498146,9.378899857401848,False,0.10680186748504639
STACK,leave_one_out,leave_one_out_a,q15_3e37e626,NNNNNH,NestLoop(b1 s) NestLoop(u1 acc) NestLoop(b1 s u1 acc) NestLoop(q1 b1 s u1 acc) NestLoop(tq1 t1) HashJoin(q1 b1 s u1 acc tq1 t1),0.15591136366128922,0.7795568183064461,True,0.08146179467439651
STACK,leave_one_out,leave_one_out_a,q15_543ab3f7,NNNNNH,NestLoop(b1 s) NestLoop(u1 acc) NestLoop(b1 s u1 acc) NestLoop(q1 b1 s u1 acc) NestLoop(tq1 t1) HashJoin(q1 b1 s u1 acc tq1 t1),0.2564883902668953,1.2824419513344765,True,0.08620428293943405
STACK,leave_one_out,leave_one_out_a,q15_b2ee2c78,NNNNNH,NestLoop(b1 s) NestLoop(u1 acc) NestLoop(b1 s u1 acc) NestLoop(q1 b1 s u1 acc) NestLoop(tq1 t1) HashJoin(q1 b1 s u1 acc tq1 t1),0.22470376640558243,1.1235188320279121,True,0.09926239401102066
STACK,leave_one_out,leave_one_out_a,q16_374e3e4c,NNNHHH,NestLoop(b1 s) NestLoop(u1 acc) NestLoop(b1 s u1 acc) HashJoin(tq1 b1 s u1 acc) HashJoin(tq1 b1 s u1 acc t1) HashJoin(q1 tq1 b1 s u1 acc t1),5.835697412490845,29.178487062454224,True,0.08978339284658432
STACK,leave_one_out,leave_one_out_a,q16_d5290889,NNNNNH,NestLoop(b1 s) NestLoop(u1 acc) NestLoop(b1 s u1 acc) NestLoop(q1 b1 s u1 acc) NestLoop(tq1 t1) HashJoin(q1 b1 s u1 acc tq1 t1),0.11138366907835007,0.5569183453917503,True,0.08220281451940536
STACK,leave_one_out,leave_one_out_a,q16_f67cec3d,NNNHHH,NestLoop(b1 s) NestLoop(u1 acc) NestLoop(b1 s u1 acc) HashJoin(tq1 b1 s u1 acc) HashJoin(tq1 b1 s u1 acc t1) HashJoin(q1 tq1 b1 s u1 acc t1),0.12622737139463425,0.6311368569731712,True,0.09490814805030823
STACK,leave_one_out,leave_one_out_a,q1_q1-009,NNN,NestLoop(tq s) NestLoop(tq s t) NestLoop(q tq s t),0.012710638344287872,0.036284223198890686,False,0.04464598745107651
STACK,leave_one_out,leave_one_out_a,q1_q1-031,NNN,NestLoop(tq s) NestLoop(tq s t) NestLoop(q tq s t),0.004885353147983551,0.024426765739917755,True,0.048023521900177
STACK,leave_one_out,leave_one_out_a,q1_q1-098,NNN,NestLoop(tq s) NestLoop(tq s t) NestLoop(q tq s t),3.9030675664544106,3.7122634425759315,False,0.04525028169155121
STACK,leave_one_out,leave_one_out_a,q2_q2-032,NNNNNNNNHN,NestLoop(tq1 s1) NestLoop(tq1 s1 t1) NestLoop(q1 tq1 s1 t1) NestLoop(tq2 s2) NestLoop(q2 tq2 s2) NestLoop(u2 q2 tq2 s2) NestLoop(acc u2 q2 tq2 s2) NestLoop(u1 acc u2 q2 tq2 s2) HashJoin(q1 tq1 s1 t1 u1 acc u2 q2 tq2 s2) NestLoop(q1 tq1 s1 t1 u1 acc u2 q2 tq2 s2 t2),1.4960154816508293,7.480077408254147,True,0.15071745216846466
STACK,leave_one_out,leave_one_out_a,q2_q2-050,NNNNNNNNHN,NestLoop(tq1 s1) NestLoop(tq1 s1 t1) NestLoop(q1 tq1 s1 t1) NestLoop(tq2 s2) NestLoop(q2 tq2 s2) NestLoop(u2 q2 tq2 s2) NestLoop(acc u2 q2 tq2 s2) NestLoop(u1 acc u2 q2 tq2 s2) HashJoin(q1 tq1 s1 t1 u1 acc u2 q2 tq2 s2) NestLoop(q1 tq1 s1 t1 u1 acc u2 q2 tq2 s2 t2),0.8908358663320541,3.344230107963085,False,0.16681566089391708
STACK,leave_one_out,leave_one_out_a,q2_q2-081,NNNNNNNNHN,NestLoop(tq1 s1) NestLoop(tq1 s1 t1) NestLoop(q1 tq1 s1 t1) NestLoop(tq2 s2) NestLoop(q2 tq2 s2) NestLoop(u2 q2 tq2 s2) NestLoop(acc u2 q2 tq2 s2) NestLoop(u1 acc u2 q2 tq2 s2) HashJoin(q1 tq1 s1 t1 u1 acc u2 q2 tq2 s2) NestLoop(q1 tq1 s1 t1 u1 acc u2 q2 tq2 s2 t2),10.19941482692957,50.997074134647846,True,0.16555240750312805
STACK,leave_one_out,leave_one_out_a,q3_q3-043,NNNNNHNNNNN,NestLoop(tq2 s2) NestLoop(tq2 s2 t2) NestLoop(q2 tq2 s2 t2) NestLoop(u1 s1) NestLoop(acc u1 s1) HashJoin(u2 acc u1 s1) NestLoop(q2 tq2 s2 t2 u2 acc u1 s1) NestLoop(q1 q2 tq2 s2 t2 u2 acc u1 s1) NestLoop(tq1 t1) NestLoop(a1 tq1 t1) NestLoop(q1 q2 tq2 s2 t2 u2 acc u1 s1 a1 tq1 t1),0.851536251604557,4.257681258022785,True,0.2752842381596565
STACK,leave_one_out,leave_one_out_a,q3_q3-099,NNNNNHNNNNN,NestLoop(tq2 s2) NestLoop(tq2 s2 t2) NestLoop(q2 tq2 s2 t2) NestLoop(u1 s1) NestLoop(acc u1 s1) HashJoin(u2 acc u1 s1) NestLoop(q2 tq2 s2 t2 u2 acc u1 s1) NestLoop(q1 q2 tq2 s2 t2 u2 acc u1 s1) NestLoop(tq1 t1) NestLoop(a1 tq1 t1) NestLoop(q1 q2 tq2 s2 t2 u2 acc u1 s1 a1 tq1 t1),7.010768711566925,35.053843557834625,True,0.2749902009963989
STACK,leave_one_out,leave_one_out_a,q4_q4-041,HHHHHH,HashJoin(tq1 t1) HashJoin(a1 tq1 t1) HashJoin(u1 s1) HashJoin(acc u1 s1) HashJoin(a1 tq1 t1 acc u1 s1) HashJoin(q1 a1 tq1 t1 acc u1 s1),0.21774840354919434,1.0887420177459717,True,0.09482870250940323
STACK,leave_one_out,leave_one_out_a,q4_q4-074,HHHHHH,HashJoin(tq1 t1) HashJoin(a1 tq1 t1) HashJoin(u1 s1) HashJoin(acc u1 s1) HashJoin(a1 tq1 t1 acc u1 s1) HashJoin(q1 a1 tq1 t1 acc u1 s1),0.13261930644512177,0.6630965322256088,True,0.06960994005203247
STACK,leave_one_out,leave_one_out_a,q4_q4-089,HHHHHH,HashJoin(tq1 t1) HashJoin(a1 tq1 t1) HashJoin(u1 s1) HashJoin(acc u1 s1) HashJoin(a1 tq1 t1 acc u1 s1) HashJoin(q1 a1 tq1 t1 acc u1 s1),0.15492696315050125,0.7746348157525063,True,0.07640542089939117
STACK,leave_one_out,leave_one_out_a,q5_q5-015,NNNNNN,NestLoop(c1 s1) NestLoop(tq1 t1) NestLoop(q1 tq1 t1) NestLoop(u1 q1 tq1 t1) NestLoop(acc u1 q1 tq1 t1) NestLoop(c1 s1 acc u1 q1 tq1 t1),0.01978524774312973,0.055271729826927185,False,0.07325217872858047
STACK,leave_one_out,leave_one_out_a,q5_q5-041,NNNNNN,NestLoop(c1 s1) NestLoop(tq1 t1) NestLoop(q1 tq1 t1) NestLoop(u1 q1 tq1 t1) NestLoop(acc u1 q1 tq1 t1) NestLoop(c1 s1 acc u1 q1 tq1 t1),0.03854881227016449,0.19274406135082245,True,0.0731087327003479
STACK,leave_one_out,leave_one_out_a,q5_q5-077,NNNNNN,NestLoop(c1 s1) NestLoop(tq1 t1) NestLoop(q1 tq1 t1) NestLoop(u1 q1 tq1 t1) NestLoop(acc u1 q1 tq1 t1) NestLoop(c1 s1 acc u1 q1 tq1 t1),0.021434128284454346,0.05084499716758728,False,0.07659618556499481
STACK,leave_one_out,leave_one_out_a,q6_q6-009,NNNNNN,NestLoop(c1 s1) NestLoop(tq1 t1) NestLoop(q1 tq1 t1) NestLoop(u1 q1 tq1 t1) NestLoop(acc u1 q1 tq1 t1) NestLoop(c1 s1 acc u1 q1 tq1 t1),0.027010478079319,0.135052390396595,True,0.07076306641101837
STACK,leave_one_out,leave_one_out_a,q6_q6-064,NNNNNN,NestLoop(c1 s1) NestLoop(tq1 t1) NestLoop(q1 tq1 t1) NestLoop(u1 q1 tq1 t1) NestLoop(acc u1 q1 tq1 t1) NestLoop(c1 s1 acc u1 q1 tq1 t1),0.04552266001701355,0.07223178446292877,False,0.07660996168851852
STACK,leave_one_out,leave_one_out_a,q7_q7-036,HHH,HashJoin(u acc) HashJoin(b2 u acc) HashJoin(b1 b2 u acc),4.019183225929737,16.64486436545849,False,0.05870204418897629
STACK,leave_one_out,leave_one_out_a,q7_q7-077,HHH,HashJoin(u acc) HashJoin(b2 u acc) HashJoin(b1 b2 u acc),3.966997303068638,16.13072096556425,False,0.04412420839071274
STACK,leave_one_out,leave_one_out_a,q7_q7-095,HHH,HashJoin(u acc) HashJoin(b2 u acc) HashJoin(b1 b2 u acc),4.233607284724712,17.072439946234226,False,0.045020692050457
STACK,leave_one_out,leave_one_out_a,q8_q8-025,NNNHNNNH,NestLoop(c2 s) NestLoop(pl c2 s) NestLoop(tq1 pl c2 s) HashJoin(tq2 t) NestLoop(tq1 pl c2 s tq2 t) NestLoop(q1 tq1 pl c2 s tq2 t) NestLoop(q2 q1 tq1 pl c2 s tq2 t) HashJoin(c1 q2 q1 tq1 pl c2 s tq2 t),0.2304770052433014,0.47473715245723724,False,0.33621416985988617
STACK,leave_one_out,leave_one_out_a,q8_q8-062,NNNHNNNH,NestLoop(c2 s) NestLoop(pl c2 s) NestLoop(tq1 pl c2 s) HashJoin(tq2 t) NestLoop(tq1 pl c2 s tq2 t) NestLoop(q1 tq1 pl c2 s tq2 t) NestLoop(q2 q1 tq1 pl c2 s tq2 t) HashJoin(c1 q2 q1 tq1 pl c2 s tq2 t),0.2331136390566826,0.4442776218056679,False,0.31747809052467346
STACK,leave_one_out,leave_one_out_a,q8_q8-096,NNNHNNNH,NestLoop(c2 s) NestLoop(pl c2 s) NestLoop(tq1 pl c2 s) HashJoin(tq2 t) NestLoop(tq1 pl c2 s tq2 t) NestLoop(q1 tq1 pl c2 s tq2 t) NestLoop(q2 q1 tq1 pl c2 s tq2 t) HashJoin(c1 q2 q1 tq1 pl c2 s tq2 t),0.23253224045038223,0.4378011152148247,False,0.3217916935682297
STACK,leave_one_out,leave_one_out_b,q11_6c5cba41,NNN,NestLoop(tq s) NestLoop(tq s t) NestLoop(q tq s t),0.07075469940900803,0.11711428314447403,False,0.06541471183300018
STACK,leave_one_out,leave_one_out_b,q11_87c4bd09,NNN,NestLoop(tq s) NestLoop(tq s t) NestLoop(q tq s t),0.2890235558152199,0.4070122539997101,False,0.061233147978782654
STACK,leave_one_out,leave_one_out_b,q11_c1ae2a99,NNN,NestLoop(tq s) NestLoop(tq s t) NestLoop(q tq s t),1.856507696211338,2.52215775847435,False,0.046262726187705994
STACK,leave_one_out,leave_one_out_b,q12_07007205,HHHHH,HashJoin(q1 u1) HashJoin(tq1 s) HashJoin(tq1 s t1) HashJoin(a1 tq1 s t1) HashJoin(q1 u1 a1 tq1 s t1),0.15087434649467468,0.7543717324733734,True,0.06883750110864639
STACK,leave_one_out,leave_one_out_b,q12_547c6bf1,HHHHH,HashJoin(tq1 t1) HashJoin(q1 tq1 t1) HashJoin(u1 s) HashJoin(a1 u1 s) HashJoin(q1 tq1 t1 a1 u1 s),0.03401391953229904,0.1700695976614952,True,0.08918620645999908
STACK,leave_one_out,leave_one_out_b,q12_5a5ff9bd,HHHHH,HashJoin(tq1 t1) HashJoin(q1 tq1 t1) HashJoin(u1 s) HashJoin(a1 u1 s) HashJoin(q1 tq1 t1 a1 u1 s),0.09251455217599869,0.46257276087999344,True,0.06660624593496323
STACK,leave_one_out,leave_one_out_b,q13_1ddcc865,HHHHHHH,HashJoin(u1 s) HashJoin(acc u1 s) HashJoin(a1 acc u1 s) HashJoin(tq1 t1) HashJoin(a1 acc u1 s tq1 t1) HashJoin(b a1 acc u1 s tq1 t1) HashJoin(q1 b a1 acc u1 s tq1 t1),0.6729220524430275,3.3646102622151375,True,0.12385309487581253
STACK,leave_one_out,leave_one_out_b,q13_a091adce,NNNNNNN,NestLoop(tq1 s) NestLoop(tq1 s t1) NestLoop(a1 tq1 s t1) NestLoop(u1 a1 tq1 s t1) NestLoop(acc u1 a1 tq1 s t1) NestLoop(b acc u1 a1 tq1 s t1) NestLoop(q1 b acc u1 a1 tq1 s t1),0.2781296744942665,0.2705724313855171,False,0.12427689135074615
STACK,leave_one_out,leave_one_out_b,q14_4063b6cb,NNNNNHN,NestLoop(tq1 s) NestLoop(tq1 s t1) NestLoop(a1 tq1 s t1) NestLoop(q1 a1 tq1 s t1) NestLoop(b u1) HashJoin(acc b u1) NestLoop(q1 a1 tq1 s t1 acc b u1),0.3933686465024948,1.966843232512474,True,0.11132650077342987
STACK,leave_one_out,leave_one_out_b,q14_5e4835cd,NNNNNNH,NestLoop(tq1 s) NestLoop(tq1 s t1) NestLoop(q1 tq1 s t1) NestLoop(u1 q1 tq1 s t1) NestLoop(acc u1 q1 tq1 s t1) NestLoop(a1 acc u1 q1 tq1 s t1) HashJoin(b a1 acc u1 q1 tq1 s t1),0.13938697427511215,0.6969348713755608,True,0.11106505990028381
STACK,leave_one_out,leave_one_out_b,q14_719e692d,NNNNNNH,NestLoop(tq1 s) NestLoop(tq1 s t1) NestLoop(q1 tq1 s t1) NestLoop(u1 q1 tq1 s t1) NestLoop(acc u1 q1 tq1 s t1) NestLoop(a1 acc u1 q1 tq1 s t1) HashJoin(b a1 acc u1 q1 tq1 s t1),0.40871673822402954,2.0435836911201477,True,0.1068652793765068
STACK,leave_one_out,leave_one_out_b,q15_21e4988a,NNNHHH,NestLoop(b1 s) NestLoop(u1 acc) NestLoop(b1 s u1 acc) HashJoin(tq1 b1 s u1 acc) HashJoin(tq1 b1 s u1 acc t1) HashJoin(q1 tq1 b1 s u1 acc t1),0.11088487505912781,0.554424375295639,True,0.08679749071598053
STACK,leave_one_out,leave_one_out_b,q15_c9619ad4,NNNNNH,NestLoop(b1 s) NestLoop(u1 acc) NestLoop(b1 s u1 acc) NestLoop(q1 b1 s u1 acc) NestLoop(tq1 t1) HashJoin(q1 b1 s u1 acc tq1 t1),0.43551257252693176,2.177562862634659,True,0.08358888328075409
STACK,leave_one_out,leave_one_out_b,q15_d5546c01,NNNNNH,NestLoop(b1 s) NestLoop(u1 acc) NestLoop(b1 s u1 acc) NestLoop(q1 b1 s u1 acc) NestLoop(tq1 t1) HashJoin(q1 b1 s u1 acc tq1 t1),0.18133870512247086,0.9066935256123543,True,0.09828796237707138
STACK,leave_one_out,leave_one_out_b,q16_ea9efde5,NNNNNH,NestLoop(b1 s) NestLoop(u1 acc) NestLoop(b1 s u1 acc) NestLoop(q1 b1 s u1 acc) NestLoop(tq1 t1) HashJoin(q1 b1 s u1 acc tq1 t1),0.30960768461227417,1.5480384230613708,True,0.07126427441835403
STACK,leave_one_out,leave_one_out_b,q16_fbe34e8f,NNNNNH,NestLoop(b1 s) NestLoop(u1 acc) NestLoop(b1 s u1 acc) NestLoop(q1 b1 s u1 acc) NestLoop(tq1 t1) HashJoin(q1 b1 s u1 acc tq1 t1),4.375067964196205,5.03259551525116,False,0.07090357691049576
STACK,leave_one_out,leave_one_out_b,q1_q1-035,NNN,NestLoop(tq s) NestLoop(tq s t) NestLoop(q tq s t),0.005089625716209412,0.025448128581047058,True,0.060730136930942535
STACK,leave_one_out,leave_one_out_b,q1_q1-075,NNN,NestLoop(tq s) NestLoop(tq s t) NestLoop(q tq s t),0.1149674654006958,0.09051237255334854,False,0.062125615775585175
STACK,leave_one_out,leave_one_out_b,q1_q1-100,NNN,NestLoop(tq s) NestLoop(tq s t) NestLoop(q tq s t),4.7113252729177475,2.6875961124897003,False,0.05825827270746231
STACK,leave_one_out,leave_one_out_b,q2_q2-012,NNNNNNNNHN,NestLoop(tq1 s1) NestLoop(tq1 s1 t1) NestLoop(q1 tq1 s1 t1) NestLoop(tq2 s2) NestLoop(q2 tq2 s2) NestLoop(u2 q2 tq2 s2) NestLoop(acc u2 q2 tq2 s2) NestLoop(u1 acc u2 q2 tq2 s2) HashJoin(q1 tq1 s1 t1 u1 acc u2 q2 tq2 s2) NestLoop(q1 tq1 s1 t1 u1 acc u2 q2 tq2 s2 t2),9.409016735851765,47.04508367925882,True,0.1499888077378273
STACK,leave_one_out,leave_one_out_b,q2_q2-094,NNNNNNNNHN,NestLoop(tq1 s1) NestLoop(tq1 s1 t1) NestLoop(q1 tq1 s1 t1) NestLoop(tq2 s2) NestLoop(q2 tq2 s2) NestLoop(u2 q2 tq2 s2) NestLoop(acc u2 q2 tq2 s2) NestLoop(u1 acc u2 q2 tq2 s2) HashJoin(q1 tq1 s1 t1 u1 acc u2 q2 tq2 s2) NestLoop(q1 tq1 s1 t1 u1 acc u2 q2 tq2 s2 t2),6.553015917539597,32.76507958769798,True,0.14647018909454346
STACK,leave_one_out,leave_one_out_b,q3_q3-018,NNNNNHNHNNN,NestLoop(tq2 s2) NestLoop(tq2 s2 t2) NestLoop(q2 tq2 s2 t2) NestLoop(u1 s1) NestLoop(acc u1 s1) HashJoin(u2 acc u1 s1) NestLoop(q2 tq2 s2 t2 u2 acc u1 s1) HashJoin(q1 q2 tq2 s2 t2 u2 acc u1 s1) NestLoop(tq1 t1) NestLoop(a1 tq1 t1) NestLoop(q1 q2 tq2 s2 t2 u2 acc u1 s1 a1 tq1 t1),0.7337978482246399,3.6689892411231995,True,0.2653699740767479
STACK,leave_one_out,leave_one_out_b,q3_q3-046,NNNNNHNHNNN,NestLoop(tq2 s2) NestLoop(tq2 s2 t2) NestLoop(q2 tq2 s2 t2) NestLoop(u1 s1) NestLoop(acc u1 s1) HashJoin(u2 acc u1 s1) NestLoop(q2 tq2 s2 t2 u2 acc u1 s1) HashJoin(q1 q2 tq2 s2 t2 u2 acc u1 s1) NestLoop(tq1 t1) NestLoop(a1 tq1 t1) NestLoop(q1 q2 tq2 s2 t2 u2 acc u1 s1 a1 tq1 t1),0.5024866014719009,2.5124330073595047,True,0.2888242155313492
STACK,leave_one_out,leave_one_out_b,q3_q3-086,NNNNNHNHNNN,NestLoop(tq2 s2) NestLoop(tq2 s2 t2) NestLoop(q2 tq2 s2 t2) NestLoop(u1 s1) NestLoop(acc u1 s1) HashJoin(u2 acc u1 s1) NestLoop(q2 tq2 s2 t2 u2 acc u1 s1) HashJoin(q1 q2 tq2 s2 t2 u2 acc u1 s1) NestLoop(tq1 t1) NestLoop(a1 tq1 t1) NestLoop(q1 q2 tq2 s2 t2 u2 acc u1 s1 a1 tq1 t1),1.0092211440205574,5.046105720102787,True,0.2714003771543503
STACK,leave_one_out,leave_one_out_b,q4_q4-002,HHHHHH,HashJoin(tq1 t1) HashJoin(a1 tq1 t1) HashJoin(u1 s1) HashJoin(acc u1 s1) HashJoin(a1 tq1 t1 acc u1 s1) HashJoin(q1 a1 tq1 t1 acc u1 s1),0.08486863225698471,0.42434316128492355,True,0.08488722145557404
STACK,leave_one_out,leave_one_out_b,q4_q4-064,HHHHHH,HashJoin(tq1 t1) HashJoin(a1 tq1 t1) HashJoin(u1 s1) HashJoin(acc u1 s1) HashJoin(a1 tq1 t1 acc u1 s1) HashJoin(q1 a1 tq1 t1 acc u1 s1),0.05022797733545303,0.25113988667726517,True,0.10645140707492828
STACK,leave_one_out,leave_one_out_b,q4_q4-086,HHHHHH,HashJoin(tq1 t1) HashJoin(a1 tq1 t1) HashJoin(u1 s1) HashJoin(acc u1 s1) HashJoin(a1 tq1 t1 acc u1 s1) HashJoin(q1 a1 tq1 t1 acc u1 s1),0.09029574692249298,0.4514787346124649,True,0.07324747741222382
STACK,leave_one_out,leave_one_out_b,q5_q5-052,NNNNNN,NestLoop(c1 s1) NestLoop(tq1 t1) NestLoop(q1 tq1 t1) NestLoop(u1 q1 tq1 t1) NestLoop(acc u1 q1 tq1 t1) NestLoop(c1 s1 acc u1 q1 tq1 t1),0.0275145024061203,0.06651540845632553,False,0.07340942323207855
STACK,leave_one_out,leave_one_out_b,q5_q5-059,NNNNNN,NestLoop(c1 s1) NestLoop(tq1 t1) NestLoop(q1 tq1 t1) NestLoop(u1 q1 tq1 t1) NestLoop(acc u1 q1 tq1 t1) NestLoop(c1 s1 acc u1 q1 tq1 t1),0.0318162739276886,0.09500951319932938,False,0.09493445605039597
STACK,leave_one_out,leave_one_out_b,q6_q6-002,NNNNNN,NestLoop(c1 s1) NestLoop(tq1 t1) NestLoop(q1 tq1 t1) NestLoop(u1 q1 tq1 t1) NestLoop(acc u1 q1 tq1 t1) NestLoop(c1 s1 acc u1 q1 tq1 t1),0.08395534753799438,0.12705793231725693,False,0.07144471257925034
STACK,leave_one_out,leave_one_out_b,q6_q6-065,NNNNNN,NestLoop(c1 s1) NestLoop(tq1 t1) NestLoop(q1 tq1 t1) NestLoop(u1 q1 tq1 t1) NestLoop(acc u1 q1 tq1 t1) NestLoop(c1 s1 acc u1 q1 tq1 t1),0.0275065079331398,0.137532539665699,True,0.0756705105304718
STACK,leave_one_out,leave_one_out_b,q6_q6-085,NNNNNN,NestLoop(c1 s1) NestLoop(tq1 t1) NestLoop(q1 tq1 t1) NestLoop(u1 q1 tq1 t1) NestLoop(acc u1 q1 tq1 t1) NestLoop(c1 s1 acc u1 q1 tq1 t1),0.029971741139888763,0.14985870569944382,True,0.0713876262307167
STACK,leave_one_out,leave_one_out_b,q7_q7-047,HHH,HashJoin(u acc) HashJoin(b2 u acc) HashJoin(b1 b2 u acc),4.1299391239881516,16.285051427781582,False,0.042636528611183167
STACK,leave_one_out,leave_one_out_b,q7_q7-082,HHH,HashJoin(u acc) HashJoin(b2 u acc) HashJoin(b1 b2 u acc),4.125007972121239,16.820907093584538,False,0.042359404265880585
STACK,leave_one_out,leave_one_out_b,q7_q7-085,HHH,HashJoin(u acc) HashJoin(b2 u acc) HashJoin(b1 b2 u acc),4.181164056062698,16.510260827839375,False,0.049216195940971375
STACK,leave_one_out,leave_one_out_b,q8_q8-006,HNNHNNNH,HashJoin(c2 s) NestLoop(pl c2 s) NestLoop(tq1 pl c2 s) HashJoin(tq2 t) NestLoop(tq1 pl c2 s tq2 t) NestLoop(q1 tq1 pl c2 s tq2 t) NestLoop(q2 q1 tq1 pl c2 s tq2 t) HashJoin(c1 q2 q1 tq1 pl c2 s tq2 t),0.23843546211719513,0.45516955852508545,False,0.3113350495696068
STACK,leave_one_out,leave_one_out_b,q8_q8-076,HNNHNNNH,HashJoin(c2 s) NestLoop(pl c2 s) NestLoop(tq1 pl c2 s) HashJoin(tq2 t) NestLoop(tq1 pl c2 s tq2 t) NestLoop(q1 tq1 pl c2 s tq2 t) NestLoop(q2 q1 tq1 pl c2 s tq2 t) HashJoin(c1 q2 q1 tq1 pl c2 s tq2 t),0.23590702563524246,0.45343513041734695,False,0.3072795420885086
STACK,leave_one_out,leave_one_out_c,q11_9389f588,NNN,NestLoop(tq s) NestLoop(tq s t) NestLoop(q tq s t),0.03149590641260147,0.0785423144698143,False,0.06013373285531998
STACK,leave_one_out,leave_one_out_c,q11_aa96c8d7,NNN,NestLoop(tq s) NestLoop(tq s t) NestLoop(q tq s t),0.032785505056381226,0.08151188492774963,False,0.058281078934669495
STACK,leave_one_out,leave_one_out_c,q11_e4ca3559,NNN,NestLoop(tq s) NestLoop(tq s t) NestLoop(q tq s t),0.042335815727710724,0.0871136263012886,False,0.044560663402080536
STACK,leave_one_out,leave_one_out_c,q12_55de941e,HHHHH,HashJoin(q1 u1) HashJoin(tq1 s) HashJoin(tq1 s t1) HashJoin(a1 tq1 s t1) HashJoin(q1 u1 a1 tq1 s t1),0.6771367117762566,3.385683558881283,True,0.09123165905475616
STACK,leave_one_out,leave_one_out_c,q12_812a3eff,HHHHH,HashJoin(tq1 t1) HashJoin(q1 tq1 t1) HashJoin(u1 s) HashJoin(a1 u1 s) HashJoin(q1 tq1 t1 a1 u1 s),0.7306124046444893,3.6530620232224464,True,0.087615966796875
STACK,leave_one_out,leave_one_out_c,q13_13ad1b8c,NNNNNNN,NestLoop(tq1 s) NestLoop(tq1 s t1) NestLoop(a1 tq1 s t1) NestLoop(u1 a1 tq1 s t1) NestLoop(acc u1 a1 tq1 s t1) NestLoop(b acc u1 a1 tq1 s t1) NestLoop(q1 b acc u1 a1 tq1 s t1),0.5753174424171448,0.4263725131750107,False,0.1207369789481163
STACK,leave_one_out,leave_one_out_c,q13_935e2051,NNNNNNH,NestLoop(tq1 s) NestLoop(tq1 s t1) NestLoop(q1 tq1 s t1) NestLoop(u1 q1 tq1 s t1) NestLoop(acc u1 q1 tq1 s t1) NestLoop(a1 acc u1 q1 tq1 s t1) HashJoin(b a1 acc u1 q1 tq1 s t1),3.196687377989292,15.98343688994646,True,0.1453971266746521
STACK,leave_one_out,leave_one_out_c,q13_a3d03772,NNNNNHN,NestLoop(tq1 s) NestLoop(tq1 s t1) NestLoop(a1 tq1 s t1) NestLoop(q1 a1 tq1 s t1) NestLoop(b u1) HashJoin(acc b u1) NestLoop(q1 a1 tq1 s t1 acc b u1),1.129690371453762,4.416651278734207,False,0.12517591565847397
STACK,leave_one_out,leave_one_out_c,q14_63c0776f,HHHHHHH,HashJoin(u1 s) HashJoin(acc u1 s) HashJoin(a1 acc u1 s) HashJoin(tq1 t1) HashJoin(a1 acc u1 s tq1 t1) HashJoin(b a1 acc u1 s tq1 t1) HashJoin(q1 b a1 acc u1 s tq1 t1),0.08203186839818954,0.4101593419909477,True,0.10517403483390808
STACK,leave_one_out,leave_one_out_c,q14_74fd1af6,NNNNNHN,NestLoop(tq1 s) NestLoop(tq1 s t1) NestLoop(a1 tq1 s t1) NestLoop(q1 a1 tq1 s t1) NestLoop(b u1) HashJoin(acc b u1) NestLoop(q1 a1 tq1 s t1 acc b u1),3.572228893637657,7.005450591444969,False,0.10371838510036469
STACK,leave_one_out,leave_one_out_c,q14_b49361f8,NHHHHHH,NestLoop(b s) HashJoin(tq1 t1) HashJoin(a1 tq1 t1) HashJoin(b s a1 tq1 t1) HashJoin(u1 b s a1 tq1 t1) HashJoin(acc u1 b s a1 tq1 t1) HashJoin(q1 acc u1 b s a1 tq1 t1),0.1500830352306366,0.750415176153183,True,0.10548568516969681
STACK,leave_one_out,leave_one_out_c,q15_78995a5f,HHHHHH,HashJoin(tq1 t1) HashJoin(q1 tq1 t1) HashJoin(u1 acc) HashJoin(q1 tq1 t1 u1 acc) HashJoin(b1 s) HashJoin(q1 tq1 t1 u1 acc b1 s),0.166360042989254,0.83180021494627,True,0.08363350480794907
STACK,leave_one_out,leave_one_out_c,q15_b8ddf65b,NNNNNH,NestLoop(b1 s) NestLoop(u1 acc) NestLoop(b1 s u1 acc) NestLoop(q1 b1 s u1 acc) NestLoop(tq1 t1) HashJoin(q1 b1 s u1 acc tq1 t1),0.4388984516263008,2.194492258131504,True,0.08545557409524918
STACK,leave_one_out,leave_one_out_c,q16_1e863562,NNNNNH,NestLoop(b1 s) NestLoop(u1 acc) NestLoop(b1 s u1 acc) NestLoop(q1 b1 s u1 acc) NestLoop(tq1 t1) HashJoin(q1 b1 s u1 acc tq1 t1),3.9629302695393562,4.749865472316742,False,0.07584521174430847
STACK,leave_one_out,leave_one_out_c,q16_b1a96cd4,NNNNNH,NestLoop(b1 s) NestLoop(u1 acc) NestLoop(b1 s u1 acc) NestLoop(q1 b1 s u1 acc) NestLoop(tq1 t1) HashJoin(q1 b1 s u1 acc tq1 t1),0.5263521149754524,2.631760574877262,True,0.0699990838766098
STACK,leave_one_out,leave_one_out_c,q16_ed2ffeae,NNNHHH,NestLoop(b1 s) NestLoop(u1 acc) NestLoop(b1 s u1 acc) HashJoin(tq1 b1 s u1 acc) HashJoin(tq1 b1 s u1 acc t1) HashJoin(q1 tq1 b1 s u1 acc t1),1.5610832124948502,7.805416062474251,True,0.07726166397333145
STACK,leave_one_out,leave_one_out_c,q1_q1-067,NNN,NestLoop(tq s) NestLoop(tq s t) NestLoop(q tq s t),0.0853225439786911,0.067011259496212,False,0.0443585067987442
STACK,leave_one_out,leave_one_out_c,q1_q1-099,NNN,NestLoop(tq s) NestLoop(tq s t) NestLoop(q tq s t),4.754256770014763,2.2764327451586723,False,0.04381687194108963
STACK,leave_one_out,leave_one_out_c,q2_q2-001,NNNHHHHHHH,NestLoop(tq1 s1) NestLoop(tq1 s1 t1) NestLoop(q1 tq1 s1 t1) HashJoin(tq2 s2) HashJoin(q2 tq2 s2) HashJoin(u2 q2 tq2 s2) HashJoin(acc u2 q2 tq2 s2) HashJoin(u1 acc u2 q2 tq2 s2) HashJoin(q1 tq1 s1 t1 u1 acc u2 q2 tq2 s2) HashJoin(q1 tq1 s1 t1 u1 acc u2 q2 tq2 s2 t2),16.309234365820885,81.54617182910442,True,0.1462651714682579
STACK,leave_one_out,leave_one_out_c,q2_q2-035,NNNHHHHHHH,NestLoop(tq1 s1) NestLoop(tq1 s1 t1) NestLoop(q1 tq1 s1 t1) HashJoin(tq2 s2) HashJoin(q2 tq2 s2) HashJoin(u2 q2 tq2 s2) HashJoin(acc u2 q2 tq2 s2) HashJoin(u1 acc u2 q2 tq2 s2) HashJoin(q1 tq1 s1 t1 u1 acc u2 q2 tq2 s2) HashJoin(q1 tq1 s1 t1 u1 acc u2 q2 tq2 s2 t2),2.1946904063224792,10.973452031612396,True,0.170024573802948
STACK,leave_one_out,leave_one_out_c,q2_q2-098,NNNHHHHHHH,NestLoop(tq1 s1) NestLoop(tq1 s1 t1) NestLoop(q1 tq1 s1 t1) HashJoin(tq2 s2) HashJoin(q2 tq2 s2) HashJoin(u2 q2 tq2 s2) HashJoin(acc u2 q2 tq2 s2) HashJoin(u1 acc u2 q2 tq2 s2) HashJoin(q1 tq1 s1 t1 u1 acc u2 q2 tq2 s2) HashJoin(q1 tq1 s1 t1 u1 acc u2 q2 tq2 s2 t2),16.64875388890505,83.24376944452524,True,0.16700923442840576
STACK,leave_one_out,leave_one_out_c,q3_q3-040,NNNNNNHHNNN,NestLoop(tq2 s2) NestLoop(tq2 s2 t2) NestLoop(q2 tq2 s2 t2) NestLoop(u1 s1) NestLoop(acc u1 s1) NestLoop(u2 acc u1 s1) HashJoin(q2 tq2 s2 t2 u2 acc u1 s1) HashJoin(q1 q2 tq2 s2 t2 u2 acc u1 s1) NestLoop(tq1 t1) NestLoop(a1 tq1 t1) NestLoop(q1 q2 tq2 s2 t2 u2 acc u1 s1 a1 tq1 t1),4.922441631555557,24.612208157777786,True,0.26624250411987305
STACK,leave_one_out,leave_one_out_c,q3_q3-066,NNNNNNHHNNN,NestLoop(tq2 s2) NestLoop(tq2 s2 t2) NestLoop(q2 tq2 s2 t2) NestLoop(u1 s1) NestLoop(acc u1 s1) NestLoop(u2 acc u1 s1) HashJoin(q2 tq2 s2 t2 u2 acc u1 s1) HashJoin(q1 q2 tq2 s2 t2 u2 acc u1 s1) NestLoop(tq1 t1) NestLoop(a1 tq1 t1) NestLoop(q1 q2 tq2 s2 t2 u2 acc u1 s1 a1 tq1 t1),1.9518007561564445,9.759003780782223,True,0.2927964851260185
STACK,leave_one_out,leave_one_out_c,q3_q3-068,NNNNNNHHNNN,NestLoop(tq2 s2) NestLoop(tq2 s2 t2) NestLoop(q2 tq2 s2 t2) NestLoop(u1 s1) NestLoop(acc u1 s1) NestLoop(u2 acc u1 s1) HashJoin(q2 tq2 s2 t2 u2 acc u1 s1) HashJoin(q1 q2 tq2 s2 t2 u2 acc u1 s1) NestLoop(tq1 t1) NestLoop(a1 tq1 t1) NestLoop(q1 q2 tq2 s2 t2 u2 acc u1 s1 a1 tq1 t1),0.658811628818512,3.29405814409256,True,0.28294582664966583
STACK,leave_one_out,leave_one_out_c,q4_q4-026,HHHHHH,HashJoin(tq1 t1) HashJoin(a1 tq1 t1) HashJoin(u1 s1) HashJoin(acc u1 s1) HashJoin(a1 tq1 t1 acc u1 s1) HashJoin(q1 a1 tq1 t1 acc u1 s1),0.06783993542194366,0.3391996771097183,True,0.08199968934059143
STACK,leave_one_out,leave_one_out_c,q4_q4-042,HHHHHH,HashJoin(tq1 t1) HashJoin(a1 tq1 t1) HashJoin(u1 s1) HashJoin(acc u1 s1) HashJoin(a1 tq1 t1 acc u1 s1) HashJoin(q1 a1 tq1 t1 acc u1 s1),0.07684051990509033,0.38420259952545166,True,0.10336285829544067
STACK,leave_one_out,leave_one_out_c,q5_q5-032,NNNNNN,NestLoop(c1 s1) NestLoop(tq1 t1) NestLoop(q1 tq1 t1) NestLoop(u1 q1 tq1 t1) NestLoop(acc u1 q1 tq1 t1) NestLoop(c1 s1 acc u1 q1 tq1 t1),0.026326052844524384,0.08798390626907349,False,0.07828798145055771
STACK,leave_one_out,leave_one_out_c,q5_q5-079,NNNNNN,NestLoop(c1 s1) NestLoop(tq1 t1) NestLoop(q1 tq1 t1) NestLoop(u1 q1 tq1 t1) NestLoop(acc u1 q1 tq1 t1) NestLoop(c1 s1 acc u1 q1 tq1 t1),0.054059386253356934,0.27029693126678467,True,0.07209741324186325
STACK,leave_one_out,leave_one_out_c,q5_q5-082,NNNNNN,NestLoop(c1 s1) NestLoop(tq1 t1) NestLoop(q1 tq1 t1) NestLoop(u1 q1 tq1 t1) NestLoop(acc u1 q1 tq1 t1) NestLoop(c1 s1 acc u1 q1 tq1 t1),0.03385353833436966,0.1692676916718483,True,0.09161266684532166
STACK,leave_one_out,leave_one_out_c,q6_q6-060,NNNNNN,NestLoop(c1 s1) NestLoop(tq1 t1) NestLoop(q1 tq1 t1) NestLoop(u1 q1 tq1 t1) NestLoop(acc u1 q1 tq1 t1) NestLoop(c1 s1 acc u1 q1 tq1 t1),0.11642028391361237,0.5821014195680618,True,0.07743269950151443
STACK,leave_one_out,leave_one_out_c,q6_q6-067,NNNNNN,NestLoop(c1 s1) NestLoop(tq1 t1) NestLoop(q1 tq1 t1) NestLoop(u1 q1 tq1 t1) NestLoop(acc u1 q1 tq1 t1) NestLoop(c1 s1 acc u1 q1 tq1 t1),0.031712718307971954,0.06695886701345444,False,0.07122208178043365
STACK,leave_one_out,leave_one_out_c,q6_q6-069,NNNNNN,NestLoop(c1 s1) NestLoop(tq1 t1) NestLoop(q1 tq1 t1) NestLoop(u1 q1 tq1 t1) NestLoop(acc u1 q1 tq1 t1) NestLoop(c1 s1 acc u1 q1 tq1 t1),0.033255159854888916,0.14300544559955597,False,0.10171383619308472
STACK,leave_one_out,leave_one_out_c,q7_q7-034,HHH,HashJoin(u acc) HashJoin(b2 u acc) HashJoin(b1 b2 u acc),4.953305304050446,15.971804715692997,False,0.044872403144836426
STACK,leave_one_out,leave_one_out_c,q7_q7-099,HHH,HashJoin(u acc) HashJoin(b2 u acc) HashJoin(b1 b2 u acc),4.20496029406786,16.67425911128521,False,0.043964579701423645
STACK,leave_one_out,leave_one_out_c,q8_q8-046,NNNHNNNH,NestLoop(c2 s) NestLoop(pl c2 s) NestLoop(tq1 pl c2 s) HashJoin(tq2 t) NestLoop(tq1 pl c2 s tq2 t) NestLoop(q1 tq1 pl c2 s tq2 t) NestLoop(q2 q1 tq1 pl c2 s tq2 t) HashJoin(c1 q2 q1 tq1 pl c2 s tq2 t),0.23581094294786453,0.4419070705771446,False,0.3129880726337433
STACK,leave_one_out,leave_one_out_c,q8_q8-065,NNNHNNNH,NestLoop(c2 s) NestLoop(pl c2 s) NestLoop(tq1 pl c2 s) HashJoin(tq2 t) NestLoop(tq1 pl c2 s tq2 t) NestLoop(q1 tq1 pl c2 s tq2 t) NestLoop(q2 q1 tq1 pl c2 s tq2 t) HashJoin(c1 q2 q1 tq1 pl c2 s tq2 t),0.23643840849399567,0.4371650069952011,False,0.3231867700815201
STACK,leave_one_out,leave_one_out_c,q8_q8-074,NNNHNNNH,NestLoop(c2 s) NestLoop(pl c2 s) NestLoop(tq1 pl c2 s) HashJoin(tq2 t) NestLoop(tq1 pl c2 s tq2 t) NestLoop(q1 tq1 pl c2 s tq2 t) NestLoop(q2 q1 tq1 pl c2 s tq2 t) HashJoin(c1 q2 q1 tq1 pl c2 s tq2 t),0.2393370196223259,0.4509294629096985,False,0.30898112803697586
STACK,random,random_a,q11_0ea8bacd,NNN,NestLoop(tq s) NestLoop(tq s t) NestLoop(q tq s t),0.0715152770280838,0.25181884318590164,False,0.06465243548154831
STACK,random,random_a,q11_33e1caf2,NNN,NestLoop(tq s) NestLoop(tq s t) NestLoop(q tq s t),0.05268019437789917,0.12280109524726868,False,0.04584158957004547
STACK,random,random_a,q11_6c5cba41,NNN,NestLoop(tq s) NestLoop(tq s t) NestLoop(q tq s t),0.07075469940900803,0.17296765744686127,False,0.04520690441131592
STACK,random,random_a,q11_9389f588,NNN,NestLoop(tq s) NestLoop(tq s t) NestLoop(q tq s t),0.03149590641260147,0.08862272650003433,False,0.04390527307987213
STACK,random,random_a,q11_aa96c8d7,NNN,NestLoop(tq s) NestLoop(tq s t) NestLoop(q tq s t),0.032785505056381226,0.08794260770082474,False,0.04421982914209366
STACK,random,random_a,q12_07007205,HHHHH,HashJoin(q1 u1) HashJoin(tq1 s) HashJoin(tq1 s t1) HashJoin(a1 tq1 s t1) HashJoin(q1 u1 a1 tq1 s t1),0.15087434649467468,0.7543717324733734,True,0.06714721769094467
STACK,random,random_a,q12_76a47868,HHHHH,HashJoin(tq1 t1) HashJoin(q1 tq1 t1) HashJoin(u1 s) HashJoin(a1 u1 s) HashJoin(q1 tq1 t1 a1 u1 s),0.31263336539268494,1.5631668269634247,True,0.06940985471010208
STACK,random,random_a,q13_13ad1b8c,NNNNNNN,NestLoop(tq1 s) NestLoop(tq1 s t1) NestLoop(a1 tq1 s t1) NestLoop(u1 a1 tq1 s t1) NestLoop(acc u1 a1 tq1 s t1) NestLoop(b acc u1 a1 tq1 s t1) NestLoop(q1 b acc u1 a1 tq1 s t1),0.5753174424171448,0.5283666178584099,False,0.1183364987373352
STACK,random,random_a,q13_1ddcc865,HHHHHHH,HashJoin(u1 s) HashJoin(acc u1 s) HashJoin(a1 acc u1 s) HashJoin(tq1 t1) HashJoin(a1 acc u1 s tq1 t1) HashJoin(b a1 acc u1 s tq1 t1) HashJoin(q1 b a1 acc u1 s tq1 t1),0.6729220524430275,3.3646102622151375,True,0.12358222156763077
STACK,random,random_a,q13_add0df9d,HHHHHHH,HashJoin(a1 u1) HashJoin(tq1 s) HashJoin(tq1 s t1) HashJoin(a1 u1 tq1 s t1) HashJoin(acc a1 u1 tq1 s t1) HashJoin(b acc a1 u1 tq1 s t1) HashJoin(q1 b acc a1 u1 tq1 s t1),0.9009182825684547,4.504591412842274,True,0.12523376196622849
STACK,random,random_a,q14_5e4835cd,NNNNNNH,NestLoop(tq1 s) NestLoop(tq1 s t1) NestLoop(q1 tq1 s t1) NestLoop(u1 q1 tq1 s t1) NestLoop(acc u1 q1 tq1 s t1) NestLoop(a1 acc u1 q1 tq1 s t1) HashJoin(b a1 acc u1 q1 tq1 s t1),0.13938697427511215,0.6969348713755608,True,0.10502009838819504
STACK,random,random_a,q14_63c0776f,HHHHHHH,HashJoin(u1 s) HashJoin(acc u1 s) HashJoin(a1 acc u1 s) HashJoin(tq1 t1) HashJoin(a1 acc u1 s tq1 t1) HashJoin(b a1 acc u1 s tq1 t1) HashJoin(q1 b a1 acc u1 s tq1 t1),0.08203186839818954,0.4101593419909477,True,0.10556342452764511
STACK,random,random_a,q15_3e37e626,NNNNNH,NestLoop(b1 s) NestLoop(u1 acc) NestLoop(b1 s u1 acc) NestLoop(q1 b1 s u1 acc) NestLoop(tq1 t1) HashJoin(q1 b1 s u1 acc tq1 t1),0.15591136366128922,0.7795568183064461,True,0.08044145256280899
STACK,random,random_a,q15_d5546c01,NNNNNH,NestLoop(b1 s) NestLoop(u1 acc) NestLoop(b1 s u1 acc) NestLoop(q1 b1 s u1 acc) NestLoop(tq1 t1) HashJoin(q1 b1 s u1 acc tq1 t1),0.18133870512247086,0.9066935256123543,True,0.0827120989561081
STACK,random,random_a,q1_q1-009,NNN,NestLoop(tq s) NestLoop(tq s t) NestLoop(q tq s t),0.012710638344287872,0.033302851021289825,False,0.0445328950881958
STACK,random,random_a,q1_q1-075,NNN,NestLoop(tq s) NestLoop(tq s t) NestLoop(q tq s t),0.1149674654006958,0.11846660077571869,False,0.06995359808206558
STACK,random,random_a,q2_q2-012,NNNHHHHHHH,NestLoop(tq1 s1) NestLoop(tq1 s1 t1) NestLoop(q1 tq1 s1 t1) HashJoin(tq2 s2) HashJoin(q2 tq2 s2) HashJoin(u2 q2 tq2 s2) HashJoin(acc u2 q2 tq2 s2) HashJoin(u1 acc u2 q2 tq2 s2) HashJoin(q1 tq1 s1 t1 u1 acc u2 q2 tq2 s2) HashJoin(q1 tq1 s1 t1 u1 acc u2 q2 tq2 s2 t2),9.409016735851765,47.04508367925882,True,0.1449667140841484
STACK,random,random_a,q2_q2-032,NNNHHHHHHH,NestLoop(tq1 s1) NestLoop(tq1 s1 t1) NestLoop(q1 tq1 s1 t1) HashJoin(tq2 s2) HashJoin(q2 tq2 s2) HashJoin(u2 q2 tq2 s2) HashJoin(acc u2 q2 tq2 s2) HashJoin(u1 acc u2 q2 tq2 s2) HashJoin(q1 tq1 s1 t1 u1 acc u2 q2 tq2 s2) HashJoin(q1 tq1 s1 t1 u1 acc u2 q2 tq2 s2 t2),1.4960154816508293,7.480077408254147,True,0.165434792637825
STACK,random,random_a,q2_q2-035,NNNHHHHHHH,NestLoop(tq1 s1) NestLoop(tq1 s1 t1) NestLoop(q1 tq1 s1 t1) HashJoin(tq2 s2) HashJoin(q2 tq2 s2) HashJoin(u2 q2 tq2 s2) HashJoin(acc u2 q2 tq2 s2) HashJoin(u1 acc u2 q2 tq2 s2) HashJoin(q1 tq1 s1 t1 u1 acc u2 q2 tq2 s2) HashJoin(q1 tq1 s1 t1 u1 acc u2 q2 tq2 s2 t2),2.1946904063224792,10.973452031612396,True,0.15298663824796677
STACK,random,random_a,q2_q2-050,NNNHHHHHHH,NestLoop(tq1 s1) NestLoop(tq1 s1 t1) NestLoop(q1 tq1 s1 t1) HashJoin(tq2 s2) HashJoin(q2 tq2 s2) HashJoin(u2 q2 tq2 s2) HashJoin(acc u2 q2 tq2 s2) HashJoin(u1 acc u2 q2 tq2 s2) HashJoin(q1 tq1 s1 t1 u1 acc u2 q2 tq2 s2) HashJoin(q1 tq1 s1 t1 u1 acc u2 q2 tq2 s2 t2),0.8908358663320541,4.454179331660271,True,0.16253702342510223
STACK,random,random_a,q2_q2-098,NNNHHHHHHH,NestLoop(tq1 s1) NestLoop(tq1 s1 t1) NestLoop(q1 tq1 s1 t1) HashJoin(tq2 s2) HashJoin(q2 tq2 s2) HashJoin(u2 q2 tq2 s2) HashJoin(acc u2 q2 tq2 s2) HashJoin(u1 acc u2 q2 tq2 s2) HashJoin(q1 tq1 s1 t1 u1 acc u2 q2 tq2 s2) HashJoin(q1 tq1 s1 t1 u1 acc u2 q2 tq2 s2 t2),16.64875388890505,83.24376944452524,True,0.14905432611703873
STACK,random,random_a,q3_q3-043,NNNNNHNHNNN,NestLoop(tq2 s2) NestLoop(tq2 s2 t2) NestLoop(q2 tq2 s2 t2) NestLoop(u1 s1) NestLoop(acc u1 s1) HashJoin(u2 acc u1 s1) NestLoop(q2 tq2 s2 t2 u2 acc u1 s1) HashJoin(q1 q2 tq2 s2 t2 u2 acc u1 s1) NestLoop(tq1 t1) NestLoop(a1 tq1 t1) NestLoop(q1 q2 tq2 s2 t2 u2 acc u1 s1 a1 tq1 t1),0.851536251604557,4.257681258022785,True,0.27377721667289734
STACK,random,random_a,q3_q3-086,NNNNNHNHNNN,NestLoop(tq2 s2) NestLoop(tq2 s2 t2) NestLoop(q2 tq2 s2 t2) NestLoop(u1 s1) NestLoop(acc u1 s1) HashJoin(u2 acc u1 s1) NestLoop(q2 tq2 s2 t2 u2 acc u1 s1) HashJoin(q1 q2 tq2 s2 t2 u2 acc u1 s1) NestLoop(tq1 t1) NestLoop(a1 tq1 t1) NestLoop(q1 q2 tq2 s2 t2 u2 acc u1 s1 a1 tq1 t1),1.0092211440205574,5.046105720102787,True,0.29200785607099533
STACK,random,random_a,q4_q4-041,HHHHHH,HashJoin(tq1 t1) HashJoin(a1 tq1 t1) HashJoin(u1 s1) HashJoin(acc u1 s1) HashJoin(a1 tq1 t1 acc u1 s1) HashJoin(q1 a1 tq1 t1 acc u1 s1),0.21774840354919434,1.0887420177459717,True,0.07767569273710251
STACK,random,random_a,q4_q4-086,HHHHHH,HashJoin(tq1 t1) HashJoin(a1 tq1 t1) HashJoin(u1 s1) HashJoin(acc u1 s1) HashJoin(a1 tq1 t1 acc u1 s1) HashJoin(q1 a1 tq1 t1 acc u1 s1),0.09029574692249298,0.4514787346124649,True,0.08443676680326462
STACK,random,random_a,q4_q4-089,HHHHHH,HashJoin(tq1 t1) HashJoin(a1 tq1 t1) HashJoin(u1 s1) HashJoin(acc u1 s1) HashJoin(a1 tq1 t1 acc u1 s1) HashJoin(q1 a1 tq1 t1 acc u1 s1),0.15492696315050125,0.7746348157525063,True,0.10743235051631927
STACK,random,random_a,q5_q5-032,NNNNNN,NestLoop(c1 s1) NestLoop(tq1 t1) NestLoop(q1 tq1 t1) NestLoop(u1 q1 tq1 t1) NestLoop(acc u1 q1 tq1 t1) NestLoop(c1 s1 acc u1 q1 tq1 t1),0.026326052844524384,0.0877944603562355,False,0.1106090396642685
STACK,random,random_a,q5_q5-059,NNNNNN,NestLoop(c1 s1) NestLoop(tq1 t1) NestLoop(q1 tq1 t1) NestLoop(u1 q1 tq1 t1) NestLoop(acc u1 q1 tq1 t1) NestLoop(c1 s1 acc u1 q1 tq1 t1),0.0318162739276886,0.093171626329422,False,0.08945881575345993
STACK,random,random_a,q6_q6-002,NNNNNN,NestLoop(c1 s1) NestLoop(tq1 t1) NestLoop(q1 tq1 t1) NestLoop(u1 q1 tq1 t1) NestLoop(acc u1 q1 tq1 t1) NestLoop(c1 s1 acc u1 q1 tq1 t1),0.08395534753799438,0.14197222143411636,False,0.09271112084388733
STACK,random,random_a,q6_q6-060,NNNNNN,NestLoop(c1 s1) NestLoop(tq1 t1) NestLoop(q1 tq1 t1) NestLoop(u1 q1 tq1 t1) NestLoop(acc u1 q1 tq1 t1) NestLoop(c1 s1 acc u1 q1 tq1 t1),0.11642028391361237,0.5821014195680618,True,0.06925228238105774
STACK,random,random_a,q6_q6-065,NNNNNN,NestLoop(c1 s1) NestLoop(tq1 t1) NestLoop(q1 tq1 t1) NestLoop(u1 q1 tq1 t1) NestLoop(acc u1 q1 tq1 t1) NestLoop(c1 s1 acc u1 q1 tq1 t1),0.0275065079331398,0.137532539665699,True,0.07832324504852295
STACK,random,random_a,q6_q6-067,NNNNNN,NestLoop(c1 s1) NestLoop(tq1 t1) NestLoop(q1 tq1 t1) NestLoop(u1 q1 tq1 t1) NestLoop(acc u1 q1 tq1 t1) NestLoop(c1 s1 acc u1 q1 tq1 t1),0.031712718307971954,0.06837771832942963,False,0.07322117686271667
STACK,random,random_a,q6_q6-085,NNNNNN,NestLoop(c1 s1) NestLoop(tq1 t1) NestLoop(q1 tq1 t1) NestLoop(u1 q1 tq1 t1) NestLoop(acc u1 q1 tq1 t1) NestLoop(c1 s1 acc u1 q1 tq1 t1),0.029971741139888763,0.14985870569944382,True,0.07730388641357422
STACK,random,random_a,q7_q7-085,HHH,HashJoin(u acc) HashJoin(b2 u acc) HashJoin(b1 b2 u acc),4.181164056062698,16.72997374087572,False,0.06067574769258499
STACK,random,random_a,q7_q7-099,HHH,HashJoin(u acc) HashJoin(b2 u acc) HashJoin(b1 b2 u acc),4.20496029406786,16.086866788566113,False,0.04492679983377457
STACK,random,random_a,q8_q8-006,HNNHNNNH,HashJoin(c2 s) NestLoop(pl c2 s) NestLoop(tq1 pl c2 s) HashJoin(tq2 t) NestLoop(tq1 pl c2 s tq2 t) NestLoop(q1 tq1 pl c2 s tq2 t) NestLoop(q2 q1 tq1 pl c2 s tq2 t) HashJoin(c1 q2 q1 tq1 pl c2 s tq2 t),0.23843546211719513,0.48046591132879257,False,0.2985297366976738
STACK,random,random_a,q8_q8-076,HNNHNNNH,HashJoin(c2 s) NestLoop(pl c2 s) NestLoop(tq1 pl c2 s) HashJoin(tq2 t) NestLoop(tq1 pl c2 s tq2 t) NestLoop(q1 tq1 pl c2 s tq2 t) NestLoop(q2 q1 tq1 pl c2 s tq2 t) HashJoin(c1 q2 q1 tq1 pl c2 s tq2 t),0.23590702563524246,0.44782328605651855,False,0.3154855743050575
STACK,random,random_b,q11_87c4bd09,NNN,NestLoop(tq s) NestLoop(tq s t) NestLoop(q tq s t),0.2890235558152199,0.4300393611192703,False,0.06333774328231812
STACK,random,random_b,q11_c1ae2a99,NNN,NestLoop(tq s) NestLoop(tq s t) NestLoop(q tq s t),1.856507696211338,2.5441412553191185,False,0.045492589473724365
STACK,random,random_b,q12_06c8d688,NNNNH,NestLoop(tq1 s) NestLoop(tq1 s t1) NestLoop(a1 tq1 s t1) NestLoop(u1 a1 tq1 s t1) HashJoin(q1 u1 a1 tq1 s t1),0.07500380277633667,0.37501901388168335,True,0.07885289937257767
STACK,random,random_b,q12_812a3eff,HHHHH,HashJoin(tq1 t1) HashJoin(q1 tq1 t1) HashJoin(u1 s) HashJoin(a1 u1 s) HashJoin(q1 tq1 t1 a1 u1 s),0.7306124046444893,3.6530620232224464,True,0.07965097576379776
STACK,random,random_b,q12_bde6c0cf,HHHHH,HashJoin(u1 s) HashJoin(q1 u1 s) HashJoin(tq1 t1) HashJoin(a1 tq1 t1) HashJoin(q1 u1 s a1 tq1 t1),0.05980893224477768,0.2990446612238884,True,0.06685563921928406
STACK,random,random_b,q13_a091adce,NNNNNNN,NestLoop(tq1 s) NestLoop(tq1 s t1) NestLoop(a1 tq1 s t1) NestLoop(u1 a1 tq1 s t1) NestLoop(acc u1 a1 tq1 s t1) NestLoop(b acc u1 a1 tq1 s t1) NestLoop(q1 b acc u1 a1 tq1 s t1),0.2781296744942665,0.25385668128728867,False,0.1338600069284439
STACK,random,random_b,q13_a3d03772,NNNNNNN,NestLoop(tq1 s) NestLoop(tq1 s t1) NestLoop(a1 tq1 s t1) NestLoop(q1 a1 tq1 s t1) NestLoop(b u1) NestLoop(acc b u1) NestLoop(q1 a1 tq1 s t1 acc b u1),1.129690371453762,4.10703656822443,False,0.1466214805841446
STACK,random,random_b,q14_4063b6cb,NNNNNNN,NestLoop(tq1 s) NestLoop(tq1 s t1) NestLoop(a1 tq1 s t1) NestLoop(q1 a1 tq1 s t1) NestLoop(b u1) NestLoop(acc b u1) NestLoop(q1 a1 tq1 s t1 acc b u1),0.3933686465024948,1.966843232512474,True,0.12409801036119461
STACK,random,random_b,q14_5dbc1d1f,HHHHHHH,HashJoin(tq1 t1) HashJoin(a1 tq1 t1) HashJoin(u1 s) HashJoin(acc u1 s) HashJoin(a1 tq1 t1 acc u1 s) HashJoin(b a1 tq1 t1 acc u1 s) HashJoin(q1 b a1 tq1 t1 acc u1 s),2.826802298426628,14.13401149213314,True,0.11644621938467026
STACK,random,random_b,q14_97e68ad5,NNNNNNN,NestLoop(tq1 s) NestLoop(tq1 s t1) NestLoop(a1 tq1 s t1) NestLoop(q1 a1 tq1 s t1) NestLoop(b u1) NestLoop(acc b u1) NestLoop(q1 a1 tq1 s t1 acc b u1),4.627458706498146,7.373397149145603,False,0.13251591473817825
STACK,random,random_b,q15_21e4988a,NNNHHH,NestLoop(b1 s) NestLoop(u1 acc) NestLoop(b1 s u1 acc) HashJoin(tq1 b1 s u1 acc) HashJoin(tq1 b1 s u1 acc t1) HashJoin(q1 tq1 b1 s u1 acc t1),0.11088487505912781,0.554424375295639,True,0.08397714793682098
STACK,random,random_b,q15_78995a5f,HHHHHH,HashJoin(tq1 t1) HashJoin(q1 tq1 t1) HashJoin(u1 acc) HashJoin(q1 tq1 t1 u1 acc) HashJoin(b1 s) HashJoin(q1 tq1 t1 u1 acc b1 s),0.166360042989254,0.83180021494627,True,0.07976392656564713
STACK,random,random_b,q15_b8ddf65b,NNNNNH,NestLoop(b1 s) NestLoop(u1 acc) NestLoop(b1 s u1 acc) NestLoop(q1 b1 s u1 acc) NestLoop(tq1 t1) HashJoin(q1 b1 s u1 acc tq1 t1),0.4388984516263008,2.194492258131504,True,0.10241133719682693
STACK,random,random_b,q16_374e3e4c,NNNHHH,NestLoop(b1 s) NestLoop(u1 acc) NestLoop(b1 s u1 acc) HashJoin(tq1 b1 s u1 acc) HashJoin(tq1 b1 s u1 acc t1) HashJoin(q1 tq1 b1 s u1 acc t1),5.835697412490845,29.178487062454224,True,0.07033973187208176
STACK,random,random_b,q16_d5290889,NNNNNH,NestLoop(b1 s) NestLoop(u1 acc) NestLoop(b1 s u1 acc) NestLoop(q1 b1 s u1 acc) NestLoop(tq1 t1) HashJoin(q1 b1 s u1 acc tq1 t1),0.11138366907835007,0.5569183453917503,True,0.07551819831132889
STACK,random,random_b,q16_f67cec3d,NNNHHH,NestLoop(b1 s) NestLoop(u1 acc) NestLoop(b1 s u1 acc) HashJoin(tq1 b1 s u1 acc) HashJoin(tq1 b1 s u1 acc t1) HashJoin(q1 tq1 b1 s u1 acc t1),0.12622737139463425,0.6311368569731712,True,0.0986127182841301
STACK,random,random_b,q1_q1-067,NNN,NestLoop(tq s) NestLoop(tq s t) NestLoop(q tq s t),0.0853225439786911,0.06792459636926651,False,0.044404320418834686
STACK,random,random_b,q1_q1-098,NNN,NestLoop(tq s) NestLoop(tq s t) NestLoop(q tq s t),3.9030675664544106,3.088437594473362,False,0.04388093948364258
STACK,random,random_b,q1_q1-099,NNN,NestLoop(tq s) NestLoop(tq s t) NestLoop(q tq s t),4.754256770014763,2.1776685640215874,False,0.08097860962152481
STACK,random,random_b,q1_q1-100,NNN,NestLoop(tq s) NestLoop(tq s t) NestLoop(q tq s t),4.7113252729177475,2.333442509174347,False,0.04343957453966141
STACK,random,random_b,q2_q2-001,NNNNNNNNHN,NestLoop(tq1 s1) NestLoop(tq1 s1 t1) NestLoop(q1 tq1 s1 t1) NestLoop(tq2 s2) NestLoop(q2 tq2 s2) NestLoop(u2 q2 tq2 s2) NestLoop(acc u2 q2 tq2 s2) NestLoop(u1 acc u2 q2 tq2 s2) HashJoin(q1 tq1 s1 t1 u1 acc u2 q2 tq2 s2) NestLoop(q1 tq1 s1 t1 u1 acc u2 q2 tq2 s2 t2),16.309234365820885,81.54617182910442,True,0.1560763567686081
STACK,random,random_b,q2_q2-081,NNNNNNNNHN,NestLoop(tq1 s1) NestLoop(tq1 s1 t1) NestLoop(q1 tq1 s1 t1) NestLoop(tq2 s2) NestLoop(q2 tq2 s2) NestLoop(u2 q2 tq2 s2) NestLoop(acc u2 q2 tq2 s2) NestLoop(u1 acc u2 q2 tq2 s2) HashJoin(q1 tq1 s1 t1 u1 acc u2 q2 tq2 s2) NestLoop(q1 tq1 s1 t1 u1 acc u2 q2 tq2 s2 t2),10.19941482692957,50.997074134647846,True,0.14331267774105072
STACK,random,random_b,q3_q3-018,NNNNNNHHNNN,NestLoop(tq2 s2) NestLoop(tq2 s2 t2) NestLoop(q2 tq2 s2 t2) NestLoop(u1 s1) NestLoop(acc u1 s1) NestLoop(u2 acc u1 s1) HashJoin(q2 tq2 s2 t2 u2 acc u1 s1) HashJoin(q1 q2 tq2 s2 t2 u2 acc u1 s1) NestLoop(tq1 t1) NestLoop(a1 tq1 t1) NestLoop(q1 q2 tq2 s2 t2 u2 acc u1 s1 a1 tq1 t1),0.7337978482246399,3.6689892411231995,True,0.2670435905456543
STACK,random,random_b,q3_q3-040,NNNNNNHHNNN,NestLoop(tq2 s2) NestLoop(tq2 s2 t2) NestLoop(q2 tq2 s2 t2) NestLoop(u1 s1) NestLoop(acc u1 s1) NestLoop(u2 acc u1 s1) HashJoin(q2 tq2 s2 t2 u2 acc u1 s1) HashJoin(q1 q2 tq2 s2 t2 u2 acc u1 s1) NestLoop(tq1 t1) NestLoop(a1 tq1 t1) NestLoop(q1 q2 tq2 s2 t2 u2 acc u1 s1 a1 tq1 t1),4.922441631555557,24.612208157777786,True,0.26580358296632767
STACK,random,random_b,q3_q3-046,NNNNNNHHNNN,NestLoop(tq2 s2) NestLoop(tq2 s2 t2) NestLoop(q2 tq2 s2 t2) NestLoop(u1 s1) NestLoop(acc u1 s1) NestLoop(u2 acc u1 s1) HashJoin(q2 tq2 s2 t2 u2 acc u1 s1) HashJoin(q1 q2 tq2 s2 t2 u2 acc u1 s1) NestLoop(tq1 t1) NestLoop(a1 tq1 t1) NestLoop(q1 q2 tq2 s2 t2 u2 acc u1 s1 a1 tq1 t1),0.5024866014719009,2.5124330073595047,True,0.26628854125738144
STACK,random,random_b,q4_q4-002,HHHHHH,HashJoin(tq1 t1) HashJoin(a1 tq1 t1) HashJoin(u1 s1) HashJoin(acc u1 s1) HashJoin(a1 tq1 t1 acc u1 s1) HashJoin(q1 a1 tq1 t1 acc u1 s1),0.08486863225698471,0.42434316128492355,True,0.07566045969724655
STACK,random,random_b,q4_q4-026,HHHHHH,HashJoin(tq1 t1) HashJoin(a1 tq1 t1) HashJoin(u1 s1) HashJoin(acc u1 s1) HashJoin(a1 tq1 t1 acc u1 s1) HashJoin(q1 a1 tq1 t1 acc u1 s1),0.06783993542194366,0.3391996771097183,True,0.07464399188756943
STACK,random,random_b,q4_q4-042,HHHHHH,HashJoin(tq1 t1) HashJoin(a1 tq1 t1) HashJoin(u1 s1) HashJoin(acc u1 s1) HashJoin(a1 tq1 t1 acc u1 s1) HashJoin(q1 a1 tq1 t1 acc u1 s1),0.07684051990509033,0.38420259952545166,True,0.07154319435358047
STACK,random,random_b,q4_q4-064,HHHHHH,HashJoin(tq1 t1) HashJoin(a1 tq1 t1) HashJoin(u1 s1) HashJoin(acc u1 s1) HashJoin(a1 tq1 t1 acc u1 s1) HashJoin(q1 a1 tq1 t1 acc u1 s1),0.05022797733545303,0.25113988667726517,True,0.07575033605098724
STACK,random,random_b,q5_q5-041,NNNNNN,NestLoop(c1 s1) NestLoop(tq1 t1) NestLoop(q1 tq1 t1) NestLoop(u1 q1 tq1 t1) NestLoop(acc u1 q1 tq1 t1) NestLoop(c1 s1 acc u1 q1 tq1 t1),0.03854881227016449,0.19274406135082245,True,0.07272971421480179
STACK,random,random_b,q5_q5-052,NNNNNN,NestLoop(c1 s1) NestLoop(tq1 t1) NestLoop(q1 tq1 t1) NestLoop(u1 q1 tq1 t1) NestLoop(acc u1 q1 tq1 t1) NestLoop(c1 s1 acc u1 q1 tq1 t1),0.0275145024061203,0.06189952790737152,False,0.07692871242761612
STACK,random,random_b,q5_q5-079,NNNNNN,NestLoop(c1 s1) NestLoop(tq1 t1) NestLoop(q1 tq1 t1) NestLoop(u1 q1 tq1 t1) NestLoop(acc u1 q1 tq1 t1) NestLoop(c1 s1 acc u1 q1 tq1 t1),0.054059386253356934,0.2613409385085106,False,0.07640748471021652
STACK,random,random_b,q5_q5-082,NNNNNN,NestLoop(c1 s1) NestLoop(tq1 t1) NestLoop(q1 tq1 t1) NestLoop(u1 q1 tq1 t1) NestLoop(acc u1 q1 tq1 t1) NestLoop(c1 s1 acc u1 q1 tq1 t1),0.03385353833436966,0.1692676916718483,True,0.073238305747509
STACK,random,random_b,q6_q6-064,NNNNNN,NestLoop(c1 s1) NestLoop(tq1 t1) NestLoop(q1 tq1 t1) NestLoop(u1 q1 tq1 t1) NestLoop(acc u1 q1 tq1 t1) NestLoop(c1 s1 acc u1 q1 tq1 t1),0.04552266001701355,0.06728149205446243,False,0.07641415297985077
STACK,random,random_b,q7_q7-036,HHH,HashJoin(u acc) HashJoin(b2 u acc) HashJoin(b1 b2 u acc),4.019183225929737,15.450881749391556,False,0.042896561324596405
STACK,random,random_b,q7_q7-047,HHH,HashJoin(u acc) HashJoin(b2 u acc) HashJoin(b1 b2 u acc),4.1299391239881516,15.566901735961437,False,0.04272061586380005
STACK,random,random_b,q7_q7-095,HHH,HashJoin(u acc) HashJoin(b2 u acc) HashJoin(b1 b2 u acc),4.233607284724712,16.166060209274292,False,0.04280485212802887
STACK,random,random_c,q11_e4ca3559,NNN,NestLoop(tq s) NestLoop(tq s t) NestLoop(q tq s t),0.042335815727710724,0.06522992253303528,False,0.04489407688379288
STACK,random,random_c,q12_547c6bf1,HHHHH,HashJoin(tq1 t1) HashJoin(q1 tq1 t1) HashJoin(u1 s) HashJoin(a1 u1 s) HashJoin(q1 tq1 t1 a1 u1 s),0.03401391953229904,0.1700695976614952,True,0.07061011344194412
STACK,random,random_c,q12_55de941e,HHHHH,HashJoin(q1 u1) HashJoin(tq1 s) HashJoin(tq1 s t1) HashJoin(a1 tq1 s t1) HashJoin(q1 u1 a1 tq1 s t1),0.6771367117762566,3.385683558881283,True,0.07129912823438644
STACK,random,random_c,q12_5a5ff9bd,HHHHH,HashJoin(tq1 t1) HashJoin(q1 tq1 t1) HashJoin(u1 s) HashJoin(a1 u1 s) HashJoin(q1 tq1 t1 a1 u1 s),0.09251455217599869,0.46257276087999344,True,0.06827250123023987
STACK,random,random_c,q13_935e2051,NNNNNNH,NestLoop(tq1 s) NestLoop(tq1 s t1) NestLoop(q1 tq1 s t1) NestLoop(u1 q1 tq1 s t1) NestLoop(acc u1 q1 tq1 s t1) NestLoop(a1 acc u1 q1 tq1 s t1) HashJoin(b a1 acc u1 q1 tq1 s t1),3.196687377989292,15.98343688994646,True,0.11727042496204376
STACK,random,random_c,q13_d383cd5b,NHHHHHH,NestLoop(tq1 s) HashJoin(q1 tq1 s) HashJoin(a1 u1) HashJoin(a1 u1 t1) HashJoin(acc a1 u1 t1) HashJoin(q1 tq1 s acc a1 u1 t1) HashJoin(q1 tq1 s acc a1 u1 t1 b),0.17987912148237228,0.8993956074118614,True,0.11749473959207535
STACK,random,random_c,q13_d4707be2,NHHHHHH,NestLoop(tq1 s) HashJoin(a1 tq1 s) HashJoin(b a1 tq1 s) HashJoin(u1 b a1 tq1 s) HashJoin(acc u1 b a1 tq1 s) HashJoin(q1 acc u1 b a1 tq1 s) HashJoin(q1 acc u1 b a1 tq1 s t1),0.2935541421175003,1.4677707105875015,True,0.1161629781126976
STACK,random,random_c,q14_719e692d,NNNNNNH,NestLoop(tq1 s) NestLoop(tq1 s t1) NestLoop(q1 tq1 s t1) NestLoop(u1 q1 tq1 s t1) NestLoop(acc u1 q1 tq1 s t1) NestLoop(a1 acc u1 q1 tq1 s t1) HashJoin(b a1 acc u1 q1 tq1 s t1),0.40871673822402954,2.0435836911201477,True,0.1039576455950737
STACK,random,random_c,q14_74fd1af6,NNNNNHN,NestLoop(tq1 s) NestLoop(tq1 s t1) NestLoop(a1 tq1 s t1) NestLoop(q1 a1 tq1 s t1) NestLoop(b u1) HashJoin(acc b u1) NestLoop(q1 a1 tq1 s t1 acc b u1),3.572228893637657,6.312483049929142,False,0.10043482482433319
STACK,random,random_c,q14_b49361f8,HHHHHHH,HashJoin(b s) HashJoin(tq1 t1) HashJoin(a1 tq1 t1) HashJoin(b s a1 tq1 t1) HashJoin(u1 b s a1 tq1 t1) HashJoin(acc u1 b s a1 tq1 t1) HashJoin(q1 acc u1 b s a1 tq1 t1),0.1500830352306366,0.750415176153183,True,0.10003069788217545
STACK,random,random_c,q15_543ab3f7,HHHHHH,HashJoin(b1 s) HashJoin(u1 acc) HashJoin(b1 s u1 acc) HashJoin(q1 b1 s u1 acc) HashJoin(tq1 t1) HashJoin(q1 b1 s u1 acc tq1 t1),0.2564883902668953,1.2824419513344765,True,0.08374738693237305
STACK,random,random_c,q15_b2ee2c78,HHHHHH,HashJoin(b1 s) HashJoin(u1 acc) HashJoin(b1 s u1 acc) HashJoin(q1 b1 s u1 acc) HashJoin(tq1 t1) HashJoin(q1 b1 s u1 acc tq1 t1),0.22470376640558243,1.1235188320279121,True,0.0834510549902916
STACK,random,random_c,q15_c9619ad4,HHHHHH,HashJoin(b1 s) HashJoin(u1 acc) HashJoin(b1 s u1 acc) HashJoin(q1 b1 s u1 acc) HashJoin(tq1 t1) HashJoin(q1 b1 s u1 acc tq1 t1),0.43551257252693176,2.177562862634659,True,0.08468127250671387
STACK,random,random_c,q16_1e863562,HHHHHH,HashJoin(b1 s) HashJoin(u1 acc) HashJoin(b1 s u1 acc) HashJoin(q1 b1 s u1 acc) HashJoin(tq1 t1) HashJoin(q1 b1 s u1 acc tq1 t1),3.9629302695393562,19.81465134769678,True,0.06879103928804398
STACK,random,random_c,q16_b1a96cd4,HHHHHH,HashJoin(b1 s) HashJoin(u1 acc) HashJoin(b1 s u1 acc) HashJoin(q1 b1 s u1 acc) HashJoin(tq1 t1) HashJoin(q1 b1 s u1 acc tq1 t1),0.5263521149754524,2.631760574877262,True,0.07517381012439728
STACK,random,random_c,q16_ea9efde5,HHHHHH,HashJoin(b1 s) HashJoin(u1 acc) HashJoin(b1 s u1 acc) HashJoin(q1 b1 s u1 acc) HashJoin(tq1 t1) HashJoin(q1 b1 s u1 acc tq1 t1),0.30960768461227417,1.5480384230613708,True,0.07758773118257523
STACK,random,random_c,q16_ed2ffeae,HHHHHH,HashJoin(b1 s) HashJoin(u1 acc) HashJoin(b1 s u1 acc) HashJoin(tq1 b1 s u1 acc) HashJoin(tq1 b1 s u1 acc t1) HashJoin(q1 tq1 b1 s u1 acc t1),1.5610832124948502,7.805416062474251,True,0.07274936139583588
STACK,random,random_c,q16_fbe34e8f,HHHHHH,HashJoin(b1 s) HashJoin(u1 acc) HashJoin(b1 s u1 acc) HashJoin(q1 b1 s u1 acc) HashJoin(tq1 t1) HashJoin(q1 b1 s u1 acc tq1 t1),4.375067964196205,21.875339820981026,True,0.07515697926282883
STACK,random,random_c,q1_q1-031,NNN,NestLoop(tq s) NestLoop(tq s t) NestLoop(q tq s t),0.004885353147983551,0.024426765739917755,True,0.04363267868757248
STACK,random,random_c,q1_q1-035,NNN,NestLoop(tq s) NestLoop(tq s t) NestLoop(q tq s t),0.005089625716209412,0.025448128581047058,True,0.04415629804134369
STACK,random,random_c,q2_q2-094,NNNNNNNNHN,NestLoop(tq1 s1) NestLoop(tq1 s1 t1) NestLoop(q1 tq1 s1 t1) NestLoop(tq2 s2) NestLoop(q2 tq2 s2) NestLoop(u2 q2 tq2 s2) NestLoop(acc u2 q2 tq2 s2) NestLoop(u1 acc u2 q2 tq2 s2) HashJoin(q1 tq1 s1 t1 u1 acc u2 q2 tq2 s2) NestLoop(q1 tq1 s1 t1 u1 acc u2 q2 tq2 s2 t2),6.553015917539597,32.76507958769798,True,0.14455096423625946
STACK,random,random_c,q3_q3-066,NNNNNHNNNNN,NestLoop(tq2 s2) NestLoop(tq2 s2 t2) NestLoop(q2 tq2 s2 t2) NestLoop(u1 s1) NestLoop(acc u1 s1) HashJoin(u2 acc u1 s1) NestLoop(q2 tq2 s2 t2 u2 acc u1 s1) NestLoop(q1 q2 tq2 s2 t2 u2 acc u1 s1) NestLoop(tq1 t1) NestLoop(a1 tq1 t1) NestLoop(q1 q2 tq2 s2 t2 u2 acc u1 s1 a1 tq1 t1),1.9518007561564445,6.072435602545738,False,0.2684723064303398
STACK,random,random_c,q3_q3-068,NNNNNHNNNNN,NestLoop(tq2 s2) NestLoop(tq2 s2 t2) NestLoop(q2 tq2 s2 t2) NestLoop(u1 s1) NestLoop(acc u1 s1) HashJoin(u2 acc u1 s1) NestLoop(q2 tq2 s2 t2 u2 acc u1 s1) NestLoop(q1 q2 tq2 s2 t2 u2 acc u1 s1) NestLoop(tq1 t1) NestLoop(a1 tq1 t1) NestLoop(q1 q2 tq2 s2 t2 u2 acc u1 s1 a1 tq1 t1),0.658811628818512,3.29405814409256,True,0.26406028866767883
STACK,random,random_c,q3_q3-099,NNNNNHNNNNN,NestLoop(tq2 s2) NestLoop(tq2 s2 t2) NestLoop(q2 tq2 s2 t2) NestLoop(u1 s1) NestLoop(acc u1 s1) HashJoin(u2 acc u1 s1) NestLoop(q2 tq2 s2 t2 u2 acc u1 s1) NestLoop(q1 q2 tq2 s2 t2 u2 acc u1 s1) NestLoop(tq1 t1) NestLoop(a1 tq1 t1) NestLoop(q1 q2 tq2 s2 t2 u2 acc u1 s1 a1 tq1 t1),7.010768711566925,35.053843557834625,True,0.26108846068382263
STACK,random,random_c,q4_q4-074,HHHHHH,HashJoin(tq1 t1) HashJoin(a1 tq1 t1) HashJoin(u1 s1) HashJoin(acc u1 s1) HashJoin(a1 tq1 t1 acc u1 s1) HashJoin(q1 a1 tq1 t1 acc u1 s1),0.13261930644512177,0.6630965322256088,True,0.07247231155633926
STACK,random,random_c,q5_q5-015,NNNNNN,NestLoop(c1 s1) NestLoop(tq1 t1) NestLoop(q1 tq1 t1) NestLoop(u1 q1 tq1 t1) NestLoop(acc u1 q1 tq1 t1) NestLoop(c1 s1 acc u1 q1 tq1 t1),0.01978524774312973,0.05222814530134201,False,0.06941833347082138
STACK,random,random_c,q5_q5-077,NNNNNN,NestLoop(c1 s1) NestLoop(tq1 t1) NestLoop(q1 tq1 t1) NestLoop(u1 q1 tq1 t1) NestLoop(acc u1 q1 tq1 t1) NestLoop(c1 s1 acc u1 q1 tq1 t1),0.021434128284454346,0.05246660113334656,False,0.07197463512420654
STACK,random,random_c,q6_q6-009,NNNNNN,NestLoop(c1 s1) NestLoop(tq1 t1) NestLoop(q1 tq1 t1) NestLoop(u1 q1 tq1 t1) NestLoop(acc u1 q1 tq1 t1) NestLoop(c1 s1 acc u1 q1 tq1 t1),0.027010478079319,0.135052390396595,True,0.07442011684179306
STACK,random,random_c,q6_q6-069,NNNNNN,NestLoop(c1 s1) NestLoop(tq1 t1) NestLoop(q1 tq1 t1) NestLoop(u1 q1 tq1 t1) NestLoop(acc u1 q1 tq1 t1) NestLoop(c1 s1 acc u1 q1 tq1 t1),0.033255159854888916,0.12325915694236755,False,0.07281236350536346
STACK,random,random_c,q7_q7-034,HHH,HashJoin(u acc) HashJoin(b2 u acc) HashJoin(b1 b2 u acc),4.953305304050446,15.570293739438057,False,0.04508320242166519
STACK,random,random_c,q7_q7-077,HHH,HashJoin(u acc) HashJoin(b2 u acc) HashJoin(b1 b2 u acc),3.966997303068638,15.48231104016304,False,0.04453316330909729
STACK,random,random_c,q7_q7-082,HHH,HashJoin(u acc) HashJoin(b2 u acc) HashJoin(b1 b2 u acc),4.125007972121239,16.04648071527481,False,0.052029117941856384
STACK,random,random_c,q8_q8-025,NNNHNNNH,NestLoop(c2 s) NestLoop(pl c2 s) NestLoop(tq1 pl c2 s) HashJoin(tq2 t) NestLoop(tq1 pl c2 s tq2 t) NestLoop(q1 tq1 pl c2 s tq2 t) NestLoop(q2 q1 tq1 pl c2 s tq2 t) HashJoin(c1 q2 q1 tq1 pl c2 s tq2 t),0.2304770052433014,0.44257165491580963,False,0.2990686371922493
STACK,random,random_c,q8_q8-046,NNNHNNNH,NestLoop(c2 s) NestLoop(pl c2 s) NestLoop(tq1 pl c2 s) HashJoin(tq2 t) NestLoop(tq1 pl c2 s tq2 t) NestLoop(q1 tq1 pl c2 s tq2 t) NestLoop(q2 q1 tq1 pl c2 s tq2 t) HashJoin(c1 q2 q1 tq1 pl c2 s tq2 t),0.23581094294786453,0.45246994495391846,False,0.30585315078496933
STACK,random,random_c,q8_q8-062,NNNHNNNH,NestLoop(c2 s) NestLoop(pl c2 s) NestLoop(tq1 pl c2 s) HashJoin(tq2 t) NestLoop(tq1 pl c2 s tq2 t) NestLoop(q1 tq1 pl c2 s tq2 t) NestLoop(q2 q1 tq1 pl c2 s tq2 t) HashJoin(c1 q2 q1 tq1 pl c2 s tq2 t),0.2331136390566826,0.4521860182285309,False,0.2989364415407181
STACK,random,random_c,q8_q8-065,NNNHNNNH,NestLoop(c2 s) NestLoop(pl c2 s) NestLoop(tq1 pl c2 s) HashJoin(tq2 t) NestLoop(tq1 pl c2 s tq2 t) NestLoop(q1 tq1 pl c2 s tq2 t) NestLoop(q2 q1 tq1 pl c2 s tq2 t) HashJoin(c1 q2 q1 tq1 pl c2 s tq2 t),0.23643840849399567,0.46738212555646896,False,0.30469997227191925
STACK,random,random_c,q8_q8-074,NNNHNNNH,NestLoop(c2 s) NestLoop(pl c2 s) NestLoop(tq1 pl c2 s) HashJoin(tq2 t) NestLoop(tq1 pl c2 s tq2 t) NestLoop(q1 tq1 pl c2 s tq2 t) NestLoop(q2 q1 tq1 pl c2 s tq2 t) HashJoin(c1 q2 q1 tq1 pl c2 s tq2 t),0.2393370196223259,0.4565911591053009,False,0.2995676100254059
STACK,random,random_c,q8_q8-096,NNNHNNNH,NestLoop(c2 s) NestLoop(pl c2 s) NestLoop(tq1 pl c2 s) HashJoin(tq2 t) NestLoop(tq1 pl c2 s tq2 t) NestLoop(q1 tq1 pl c2 s tq2 t) NestLoop(q2 q1 tq1 pl c2 s tq2 t) HashJoin(c1 q2 q1 tq1 pl c2 s tq2 t),0.23253224045038223,0.45241400599479675,False,0.29792729020118713
