workload,query_id,hint,collection_timeout_s,run1_charged_s,run1_timed_out
TPCH,1,63,6.867403395473957,6.867403395473957,True
TPCH,1,62,6.867403395473957,6.867403395473957,True
TPCH,1,61,6.867403395473957,6.867403395473957,True
TPCH,1,60,6.867403395473957,6.867403395473957,True
TPCH,1,59,6.867403395473957,6.867403395473957,True
TPCH,1,58,6.867403395473957,6.867403395473957,True
TPCH,1,57,6.867403395473957,6.867403395473957,True
TPCH,1,56,6.867403395473957,6.867403395473957,True
TPCH,1,55,6.867403395473957,6.867403395473957,True
TPCH,1,54,6.867403395473957,6.855128526687622,False
TPCH,1,53,6.855128526687622,6.855128526687622,True
TPCH,1,52,6.855128526687622,6.855128526687622,True
TPCH,1,51,6.855128526687622,6.847451642155647,False
TPCH,1,50,6.847451642155647,6.847451642155647,True
TPCH,1,49,6.847451642155647,6.847451642155647,True
TPCH,1,48,6.847451642155647,6.847451642155647,True
TPCH,1,47,6.847451642155647,6.847451642155647,True
TPCH,1,46,6.847451642155647,6.847451642155647,True
TPCH,1,45,6.847451642155647,6.847451642155647,True
TPCH,1,44,6.847451642155647,6.847451642155647,True
TPCH,1,43,6.847451642155647,6.847451642155647,True
TPCH,1,42,6.847451642155647,6.847451642155647,True
TPCH,1,41,6.847451642155647,6.847451642155647,True
TPCH,1,40,6.847451642155647,6.847451642155647,True
TPCH,1,39,6.847451642155647,6.847451642155647,True
TPCH,1,38,6.847451642155647,6.847451642155647,True
TPCH,1,37,6.847451642155647,6.847451642155647,True
TPCH,1,36,6.847451642155647,6.847451642155647,True
TPCH,1,35,6.847451642155647,6.839375391602516,False
TPCH,1,34,6.839375391602516,6.839375391602516,True
TPCH,1,33,6.839375391602516,6.839375391602516,True
TPCH,1,32,6.839375391602516,6.839375391602516,True
TPCH,1,31,6.839375391602516,6.839375391602516,True
TPCH,1,30,6.839375391602516,6.839375391602516,True
TPCH,1,29,6.839375391602516,6.839375391602516,True
TPCH,1,28,6.839375391602516,6.839375391602516,True
TPCH,1,27,6.839375391602516,6.839375391602516,True
TPCH,1,26,6.839375391602516,6.839375391602516,True
TPCH,1,25,6.839375391602516,6.839375391602516,True
TPCH,1,24,6.839375391602516,6.839375391602516,True
TPCH,1,23,6.839375391602516,6.838798642158508,False
TPCH,1,22,6.838798642158508,6.838798642158508,True
TPCH,1,21,6.838798642158508,6.838798642158508,True
TPCH,1,20,6.838798642158508,6.838798642158508,True
TPCH,1,19,6.838798642158508,6.817654579877853,False
TPCH,1,18,6.817654579877853,6.807484470307827,False
TPCH,1,17,6.807484470307827,6.807484470307827,True
TPCH,1,16,6.807484470307827,6.807484470307827,True
TPCH,1,15,6.807484470307827,6.807484470307827,True
TPCH,1,14,6.807484470307827,6.807484470307827,True
TPCH,1,13,6.807484470307827,6.807484470307827,True
TPCH,1,12,6.807484470307827,6.807484470307827,True
TPCH,1,11,6.807484470307827,6.807484470307827,True
TPCH,1,10,6.807484470307827,6.807484470307827,True
TPCH,1,9,6.807484470307827,6.807484470307827,True
TPCH,1,8,6.807484470307827,6.807484470307827,True
TPCH,1,7,6.807484470307827,6.807484470307827,True
TPCH,1,6,6.807484470307827,6.807484470307827,True
TPCH,1,5,6.807484470307827,6.807484470307827,True
TPCH,1,4,6.807484470307827,6.807484470307827,True
TPCH,1,3,6.807484470307827,6.807484470307827,True
TPCH,1,2,6.807484470307827,6.807484470307827,True
TPCH,1,1,6.807484470307827,6.807484470307827,True
TPCH,1,0,6.807484470307827,6.807484470307827,True
TPCH,2,63,0.946015477180481,0.946015477180481,True
TPCH,2,62,0.946015477180481,0.946015477180481,True
TPCH,2,61,0.946015477180481,0.946015477180481,True
TPCH,2,60,0.946015477180481,0.946015477180481,True
TPCH,2,59,0.946015477180481,0.946015477180481,True
TPCH,2,58,0.946015477180481,0.946015477180481,True
TPCH,2,57,0.946015477180481,0.946015477180481,True
TPCH,2,56,0.946015477180481,0.946015477180481,True
TPCH,2,55,0.946015477180481,0.946015477180481,True
TPCH,2,54,0.946015477180481,0.946015477180481,True
TPCH,2,53,0.946015477180481,0.946015477180481,True
TPCH,2,52,0.946015477180481,0.946015477180481,True
TPCH,2,51,0.946015477180481,0.946015477180481,True
TPCH,2,50,0.946015477180481,0.946015477180481,True
TPCH,2,49,0.946015477180481,0.946015477180481,True
TPCH,2,48,0.946015477180481,0.946015477180481,True
TPCH,2,47,0.946015477180481,0.946015477180481,True
TPCH,2,46,0.946015477180481,0.946015477180481,True
TPCH,2,45,0.946015477180481,0.946015477180481,True
TPCH,2,44,0.946015477180481,0.946015477180481,True
TPCH,2,43,0.946015477180481,0.946015477180481,True
TPCH,2,42,0.946015477180481,0.946015477180481,True
TPCH,2,41,0.946015477180481,0.946015477180481,True
TPCH,2,40,0.946015477180481,0.946015477180481,True
TPCH,2,39,0.946015477180481,0.946015477180481,True
TPCH,2,38,0.946015477180481,0.946015477180481,True
TPCH,2,37,0.946015477180481,0.946015477180481,True
TPCH,2,36,0.946015477180481,0.946015477180481,True
TPCH,2,35,0.946015477180481,0.946015477180481,True
TPCH,2,34,0.946015477180481,0.946015477180481,True
TPCH,2,33,0.946015477180481,0.946015477180481,True
TPCH,2,32,0.946015477180481,0.946015477180481,True
TPCH,2,31,0.946015477180481,0.946015477180481,True
TPCH,2,30,0.946015477180481,0.9428971633315086,False
TPCH,2,29,0.9428971633315086,0.9428971633315086,True
TPCH,2,28,0.9428971633315086,0.9428971633315086,True
TPCH,2,27,0.9428971633315086,0.9428971633315086,True
TPCH,2,26,0.9428971633315086,0.9428971633315086,True
TPCH,2,25,0.9428971633315086,0.9428971633315086,True
TPCH,2,24,0.9428971633315086,0.9428971633315086,True
TPCH,2,23,0.9428971633315086,0.9428971633315086,True
TPCH,2,22,0.9428971633315086,0.9428971633315086,True
TPCH,2,21,0.9428971633315086,0.9428971633315086,True
TPCH,2,20,0.9428971633315086,0.9428971633315086,True
TPCH,2,19,0.9428971633315086,0.9428971633315086,True
TPCH,2,18,0.9428971633315086,0.9428971633315086,True
TPCH,2,17,0.9428971633315086,0.9428971633315086,True
TPCH,2,16,0.9428971633315086,0.9428971633315086,True
TPCH,2,15,0.9428971633315086,0.9428971633315086,True
TPCH,2,14,0.9428971633315086,0.9428971633315086,True
TPCH,2,13,0.9428971633315086,0.9428971633315086,True
TPCH,2,12,0.9428971633315086,0.9428971633315086,True
TPCH,2,11,0.9428971633315086,0.9428971633315086,True
TPCH,2,10,0.9428971633315086,0.9428971633315086,True
TPCH,2,9,0.9428971633315086,0.9428971633315086,True
TPCH,2,8,0.9428971633315086,0.9428971633315086,True
TPCH,2,7,0.9428971633315086,0.9428971633315086,True
TPCH,2,6,0.9428971633315086,0.9428971633315086,True
TPCH,2,5,0.9428971633315086,0.9428971633315086,True
TPCH,2,4,0.9428971633315086,0.9428971633315086,True
TPCH,2,3,0.9428971633315086,0.9428971633315086,True
TPCH,2,2,0.9428971633315086,0.9428971633315086,True
TPCH,2,1,0.9428971633315086,0.9428971633315086,True
TPCH,2,0,0.9428971633315086,0.9428971633315086,True
TPCH,3,63,1.31523647159338,1.31523647159338,True
TPCH,3,62,1.31523647159338,1.3048193752765656,False
TPCH,3,61,1.3048193752765656,1.1299875155091286,False
TPCH,3,60,1.1299875155091286,1.1219881474971771,False
TPCH,3,59,1.1219881474971771,1.1219881474971771,True
TPCH,3,58,1.1219881474971771,1.1219881474971771,True
TPCH,3,57,1.1219881474971771,1.1219881474971771,True
TPCH,3,56,1.1219881474971771,1.1219881474971771,True
TPCH,3,55,1.1219881474971771,1.1219881474971771,True
TPCH,3,54,1.1219881474971771,1.1219881474971771,True
TPCH,3,53,1.1219881474971771,1.1219881474971771,True
TPCH,3,52,1.1219881474971771,1.1201430037617683,False
TPCH,3,51,1.1201430037617683,1.1201430037617683,True
TPCH,3,50,1.1201430037617683,1.1201430037617683,True
TPCH,3,49,1.1201430037617683,1.1201430037617683,True
TPCH,3,48,1.1201430037617683,1.1201430037617683,True
TPCH,3,47,1.1201430037617683,1.1201430037617683,True
TPCH,3,46,1.1201430037617683,1.1201430037617683,True
TPCH,3,45,1.1201430037617683,1.1201430037617683,True
TPCH,3,44,1.1201430037617683,1.1201430037617683,True
TPCH,3,43,1.1201430037617683,1.1201430037617683,True
TPCH,3,42,1.1201430037617683,1.1201430037617683,True
TPCH,3,41,1.1201430037617683,1.1201430037617683,True
TPCH,3,40,1.1201430037617683,1.1201430037617683,True
TPCH,3,39,1.1201430037617683,1.1201430037617683,True
TPCH,3,38,1.1201430037617683,1.1201430037617683,True
TPCH,3,37,1.1201430037617683,1.1201430037617683,True
TPCH,3,36,1.1201430037617683,1.1201430037617683,True
TPCH,3,35,1.1201430037617683,1.1201430037617683,True
TPCH,3,34,1.1201430037617683,1.1201430037617683,True
TPCH,3,33,1.1201430037617683,1.1177766248583794,False
TPCH,3,32,1.1177766248583794,1.1080937311053276,False
TPCH,3,31,1.1080937311053276,1.1080937311053276,True
TPCH,3,30,1.1080937311053276,1.0990296453237534,False
TPCH,3,29,1.0990296453237534,1.060234859585762,False
TPCH,3,28,1.060234859585762,1.060234859585762,True
TPCH,3,27,1.060234859585762,1.060234859585762,True
TPCH,3,26,1.060234859585762,1.060234859585762,True
TPCH,3,25,1.060234859585762,1.060234859585762,True
TPCH,3,24,1.060234859585762,1.060234859585762,True
TPCH,3,23,1.060234859585762,1.060234859585762,True
TPCH,3,22,1.060234859585762,1.060234859585762,True
TPCH,3,21,1.060234859585762,1.060234859585762,True
TPCH,3,20,1.060234859585762,1.060234859585762,True
TPCH,3,19,1.060234859585762,1.060234859585762,True
TPCH,3,18,1.060234859585762,1.060234859585762,True
TPCH,3,17,1.060234859585762,1.060234859585762,True
TPCH,3,16,1.060234859585762,1.060234859585762,True
TPCH,3,15,1.060234859585762,1.060234859585762,True
TPCH,3,14,1.060234859585762,1.060234859585762,True
TPCH,3,13,1.060234859585762,1.060234859585762,True
TPCH,3,12,1.060234859585762,1.056579738855362,False
TPCH,3,11,1.056579738855362,1.056579738855362,True
TPCH,3,10,1.056579738855362,1.056579738855362,True
TPCH,3,9,1.056579738855362,1.056579738855362,True
TPCH,3,8,1.056579738855362,1.056579738855362,True
TPCH,3,7,1.056579738855362,1.056579738855362,True
TPCH,3,6,1.056579738855362,1.056579738855362,True
TPCH,3,5,1.056579738855362,1.056579738855362,True
TPCH,3,4,1.056579738855362,1.056579738855362,True
TPCH,3,3,1.056579738855362,1.056579738855362,True
TPCH,3,2,1.056579738855362,1.056579738855362,True
TPCH,3,1,1.056579738855362,1.056579738855362,True
TPCH,3,0,1.056579738855362,1.056579738855362,True
TPCH,4,63,0.18908675760030746,0.18908675760030746,True
TPCH,4,62,0.18908675760030746,0.18908675760030746,True
TPCH,4,61,0.18908675760030746,0.18908675760030746,True
TPCH,4,60,0.18908675760030746,0.19005898386240005,False
TPCH,4,59,0.18908675760030746,0.18908675760030746,True
TPCH,4,58,0.18908675760030746,0.18908675760030746,True
TPCH,4,57,0.18908675760030746,0.18908675760030746,True
TPCH,4,56,0.18908675760030746,0.18908675760030746,True
TPCH,4,55,0.18908675760030746,0.18908675760030746,True
TPCH,4,54,0.18908675760030746,0.18908675760030746,True
TPCH,4,53,0.18908675760030746,0.18908675760030746,True
TPCH,4,52,0.18908675760030746,0.18908675760030746,True
TPCH,4,51,0.18908675760030746,0.18908675760030746,True
TPCH,4,50,0.18908675760030746,0.18908675760030746,True
TPCH,4,49,0.18908675760030746,0.18908675760030746,True
TPCH,4,48,0.18908675760030746,0.18908675760030746,True
TPCH,4,47,0.18908675760030746,0.18992039561271667,False
TPCH,4,46,0.18908675760030746,0.18957249075174332,False
TPCH,4,45,0.18908675760030746,0.18863699585199356,False
TPCH,4,44,0.18863699585199356,0.18825113028287888,False
TPCH,4,43,0.18825113028287888,0.18825113028287888,True
TPCH,4,42,0.18825113028287888,0.18825113028287888,True
TPCH,4,41,0.18825113028287888,0.18825113028287888,True
TPCH,4,40,0.18825113028287888,0.18825113028287888,True
TPCH,4,39,0.18825113028287888,0.18825113028287888,True
TPCH,4,38,0.18825113028287888,0.18825113028287888,True
TPCH,4,37,0.18825113028287888,0.18825113028287888,True
TPCH,4,36,0.18825113028287888,0.18825113028287888,True
TPCH,4,35,0.18825113028287888,0.18825113028287888,True
TPCH,4,34,0.18825113028287888,0.18825113028287888,True
TPCH,4,33,0.18825113028287888,0.18825113028287888,True
TPCH,4,32,0.18825113028287888,0.18825113028287888,True
TPCH,4,31,0.18825113028287888,0.18825113028287888,True
TPCH,4,30,0.18825113028287888,0.18825113028287888,True
TPCH,4,29,0.18825113028287888,0.18825113028287888,True
TPCH,4,28,0.18825113028287888,0.18825113028287888,True
TPCH,4,27,0.18825113028287888,0.18825113028287888,True
TPCH,4,26,0.18825113028287888,0.18825113028287888,True
TPCH,4,25,0.18825113028287888,0.18825113028287888,True
TPCH,4,24,0.18825113028287888,0.18825113028287888,True
TPCH,4,23,0.18825113028287888,0.18825113028287888,True
TPCH,4,22,0.18825113028287888,0.18825113028287888,True
TPCH,4,21,0.18825113028287888,0.18825113028287888,True
TPCH,4,20,0.18825113028287888,0.18825113028287888,True
TPCH,4,19,0.18825113028287888,0.18825113028287888,True
TPCH,4,18,0.18825113028287888,0.18825113028287888,True
TPCH,4,17,0.18825113028287888,0.18825113028287888,True
TPCH,4,16,0.18825113028287888,0.18825113028287888,True
TPCH,4,15,0.18825113028287888,0.18918336927890778,False
TPCH,4,14,0.18825113028287888,0.18846774846315384,False
TPCH,4,13,0.18825113028287888,0.18895062059164047,False
TPCH,4,12,0.18825113028287888,0.18825113028287888,True
TPCH,4,11,0.18825113028287888,0.18825113028287888,True
TPCH,4,10,0.18825113028287888,0.18825113028287888,True
TPCH,4,9,0.18825113028287888,0.18825113028287888,True
TPCH,4,8,0.18825113028287888,0.18825113028287888,True
TPCH,4,7,0.18825113028287888,0.18342164158821106,False
TPCH,4,6,0.18342164158821106,0.18413370847702026,False
TPCH,4,5,0.18342164158821106,0.18342164158821106,True
TPCH,4,4,0.18342164158821106,0.18342164158821106,True
TPCH,4,3,0.18342164158821106,0.18342164158821106,True
TPCH,4,2,0.18342164158821106,0.18342164158821106,True
TPCH,4,1,0.18342164158821106,0.18342164158821106,True
TPCH,4,0,0.18342164158821106,0.18342164158821106,True
TPCH,5,63,0.29247593879699707,0.29247593879699707,True
TPCH,5,62,0.29247593879699707,0.29247593879699707,True
TPCH,5,61,0.29247593879699707,0.29247593879699707,True
TPCH,5,60,0.29247593879699707,0.29247593879699707,True
TPCH,5,59,0.29247593879699707,0.29247593879699707,True
TPCH,5,58,0.29247593879699707,0.29247593879699707,True
TPCH,5,57,0.29247593879699707,0.29247593879699707,True
TPCH,5,56,0.29247593879699707,0.29247593879699707,True
TPCH,5,55,0.29247593879699707,0.29247593879699707,True
TPCH,5,54,0.29247593879699707,0.29247593879699707,True
TPCH,5,53,0.29247593879699707,0.29247593879699707,True
TPCH,5,52,0.29247593879699707,0.29247593879699707,True
TPCH,5,51,0.29247593879699707,0.29247593879699707,True
TPCH,5,50,0.29247593879699707,0.29247593879699707,True
TPCH,5,49,0.29247593879699707,0.29247593879699707,True
TPCH,5,48,0.29247593879699707,0.29247593879699707,True
TPCH,5,47,0.29247593879699707,0.29247593879699707,True
TPCH,5,46,0.29247593879699707,0.29247593879699707,True
TPCH,5,45,0.29247593879699707,0.29247593879699707,True
TPCH,5,44,0.29247593879699707,0.29247593879699707,True
TPCH,5,43,0.29247593879699707,0.29247593879699707,True
TPCH,5,42,0.29247593879699707,0.29247593879699707,True
TPCH,5,41,0.29247593879699707,0.29247593879699707,True
TPCH,5,40,0.29247593879699707,0.29247593879699707,True
TPCH,5,39,0.29247593879699707,0.29247593879699707,True
TPCH,5,38,0.29247593879699707,0.29247593879699707,True
TPCH,5,37,0.29247593879699707,0.29247593879699707,True
TPCH,5,36,0.29247593879699707,0.29247593879699707,True
TPCH,5,35,0.29247593879699707,0.29247593879699707,True
TPCH,5,34,0.29247593879699707,0.29247593879699707,True
TPCH,5,33,0.29247593879699707,0.29247593879699707,True
TPCH,5,32,0.29247593879699707,0.29247593879699707,True
TPCH,5,31,0.29247593879699707,0.29247593879699707,True
TPCH,5,30,0.29247593879699707,0.29247593879699707,True
TPCH,5,29,0.29247593879699707,0.29247593879699707,True
TPCH,5,28,0.29247593879699707,0.29247593879699707,True
TPCH,5,27,0.29247593879699707,0.29247593879699707,True
TPCH,5,26,0.29247593879699707,0.29247593879699707,True
TPCH,5,25,0.29247593879699707,0.29247593879699707,True
TPCH,5,24,0.29247593879699707,0.29247593879699707,True
TPCH,5,23,0.29247593879699707,0.29247593879699707,True
TPCH,5,22,0.29247593879699707,0.29247593879699707,True
TPCH,5,21,0.29247593879699707,0.29247593879699707,True
TPCH,5,20,0.29247593879699707,0.29247593879699707,True
TPCH,5,19,0.29247593879699707,0.29247593879699707,True
TPCH,5,18,0.29247593879699707,0.29247593879699707,True
TPCH,5,17,0.29247593879699707,0.29247593879699707,True
TPCH,5,16,0.29247593879699707,0.29247593879699707,True
TPCH,5,15,0.29247593879699707,0.29247593879699707,True
TPCH,5,14,0.29247593879699707,0.29247593879699707,True
TPCH,5,13,0.29247593879699707,0.29247593879699707,True
TPCH,5,12,0.29247593879699707,0.29247593879699707,True
TPCH,5,11,0.29247593879699707,0.29247593879699707,True
TPCH,5,10,0.29247593879699707,0.29247593879699707,True
TPCH,5,9,0.29247593879699707,0.29247593879699707,True
TPCH,5,8,0.29247593879699707,0.29247593879699707,True
TPCH,5,7,0.29247593879699707,0.29247593879699707,True
TPCH,5,6,0.29247593879699707,0.29247593879699707,True
TPCH,5,5,0.29247593879699707,0.29247593879699707,True
TPCH,5,4,0.29247593879699707,0.29247593879699707,True
TPCH,5,3,0.29247593879699707,0.29247593879699707,True
TPCH,5,2,0.29247593879699707,0.29247593879699707,True
TPCH,5,1,0.29247593879699707,0.29247593879699707,True
TPCH,5,0,0.29247593879699707,0.29247593879699707,True
TPCH,6,63,0.4420022517442703,0.43946491926908493,False
TPCH,6,62,0.43946491926908493,0.434598907828331,False
TPCH,6,61,0.434598907828331,0.4291039854288101,False
TPCH,6,60,0.4291039854288101,0.4291039854288101,True
TPCH,6,59,0.4291039854288101,0.4291039854288101,True
TPCH,6,58,0.4291039854288101,0.425810307264328,False
TPCH,6,57,0.425810307264328,0.4262990206480026,False
TPCH,6,56,0.425810307264328,0.425810307264328,True
TPCH,6,55,0.425810307264328,0.42428235709667206,False
TPCH,6,54,0.42428235709667206,0.42428235709667206,True
TPCH,6,53,0.42428235709667206,0.4245850294828415,False
TPCH,6,52,0.42428235709667206,0.42428235709667206,True
TPCH,6,51,0.42428235709667206,0.4241131693124771,False
TPCH,6,50,0.4241131693124771,0.4241131693124771,True
TPCH,6,49,0.4241131693124771,0.4241131693124771,True
TPCH,6,48,0.4241131693124771,0.4241131693124771,True
TPCH,6,47,0.4241131693124771,0.4241131693124771,True
TPCH,6,46,0.4241131693124771,0.4241131693124771,True
TPCH,6,45,0.4241131693124771,0.4241131693124771,True
TPCH,6,44,0.4241131693124771,0.4241131693124771,True
TPCH,6,43,0.4241131693124771,0.4241131693124771,True
TPCH,6,42,0.4241131693124771,0.4241131693124771,True
TPCH,6,41,0.4241131693124771,0.4241131693124771,True
TPCH,6,40,0.4241131693124771,0.4241131693124771,True
TPCH,6,39,0.4241131693124771,0.4241131693124771,True
TPCH,6,38,0.4241131693124771,0.4241131693124771,True
TPCH,6,37,0.4241131693124771,0.4241131693124771,True
TPCH,6,36,0.4241131693124771,0.42518407106399536,False
TPCH,6,35,0.4241131693124771,0.4241131693124771,True
TPCH,6,34,0.4241131693124771,0.42335015535354614,False
TPCH,6,33,0.42335015535354614,0.42335015535354614,True
TPCH,6,32,0.42335015535354614,0.42335015535354614,True
TPCH,6,31,0.42335015535354614,0.42335015535354614,True
TPCH,6,30,0.42335015535354614,0.422128327190876,False
TPCH,6,29,0.422128327190876,0.422128327190876,True
TPCH,6,28,0.422128327190876,0.422128327190876,True
TPCH,6,27,0.422128327190876,0.422128327190876,True
TPCH,6,26,0.422128327190876,0.422128327190876,True
TPCH,6,25,0.422128327190876,0.422128327190876,True
TPCH,6,24,0.422128327190876,0.422128327190876,True
TPCH,6,23,0.422128327190876,0.422128327190876,True
TPCH,6,22,0.422128327190876,0.42260853201150894,False
TPCH,6,21,0.422128327190876,0.422128327190876,True
TPCH,6,20,0.422128327190876,0.422128327190876,True
TPCH,6,19,0.422128327190876,0.422128327190876,True
TPCH,6,18,0.422128327190876,0.422128327190876,True
TPCH,6,17,0.422128327190876,0.422128327190876,True
TPCH,6,16,0.422128327190876,0.422128327190876,True
TPCH,6,15,0.422128327190876,0.422128327190876,True
TPCH,6,14,0.422128327190876,0.422128327190876,True
TPCH,6,13,0.422128327190876,0.422128327190876,True
TPCH,6,12,0.422128327190876,0.422128327190876,True
TPCH,6,11,0.422128327190876,0.422128327190876,True
TPCH,6,10,0.422128327190876,0.422128327190876,True
TPCH,6,9,0.422128327190876,0.422128327190876,True
TPCH,6,8,0.422128327190876,0.42313332110643387,False
TPCH,6,7,0.422128327190876,0.422128327190876,True
TPCH,6,6,0.422128327190876,0.422128327190876,True
TPCH,6,5,0.422128327190876,0.422128327190876,True
TPCH,6,4,0.422128327190876,0.42327652871608734,False
TPCH,6,3,0.422128327190876,0.422128327190876,True
TPCH,6,2,0.422128327190876,0.422128327190876,True
TPCH,6,1,0.422128327190876,0.422128327190876,True
TPCH,6,0,0.422128327190876,0.422128327190876,True
TPCH,7,63,0.6678095906972885,0.6678095906972885,True
TPCH,7,62,0.6678095906972885,0.6488100364804268,False
TPCH,7,61,0.6488100364804268,0.6437445506453514,False
TPCH,7,60,0.6437445506453514,0.6272062584757805,False
TPCH,7,59,0.6272062584757805,0.6272062584757805,True
TPCH,7,58,0.6272062584757805,0.6272062584757805,True
TPCH,7,57,0.6272062584757805,0.6272062584757805,True
TPCH,7,56,0.6272062584757805,0.6272062584757805,True
TPCH,7,55,0.6272062584757805,0.6272062584757805,True
TPCH,7,54,0.6272062584757805,0.6272062584757805,True
TPCH,7,53,0.6272062584757805,0.6272062584757805,True
TPCH,7,52,0.6272062584757805,0.6272062584757805,True
TPCH,7,51,0.6272062584757805,0.6272062584757805,True
TPCH,7,50,0.6272062584757805,0.6272062584757805,True
TPCH,7,49,0.6272062584757805,0.6272062584757805,True
TPCH,7,48,0.6272062584757805,0.6272062584757805,True
TPCH,7,47,0.6272062584757805,0.6272062584757805,True
TPCH,7,46,0.6272062584757805,0.6272062584757805,True
TPCH,7,45,0.6272062584757805,0.6279588267207146,False
TPCH,7,44,0.6272062584757805,0.6211346313357353,False
TPCH,7,43,0.6211346313357353,0.6211346313357353,True
TPCH,7,42,0.6211346313357353,0.6211346313357353,True
TPCH,7,41,0.6211346313357353,0.6211346313357353,True
TPCH,7,40,0.6211346313357353,0.6211346313357353,True
TPCH,7,39,0.6211346313357353,0.6211346313357353,True
TPCH,7,38,0.6211346313357353,0.6211346313357353,True
TPCH,7,37,0.6211346313357353,0.6211346313357353,True
TPCH,7,36,0.6211346313357353,0.6211346313357353,True
TPCH,7,35,0.6211346313357353,0.6211346313357353,True
TPCH,7,34,0.6211346313357353,0.6211346313357353,True
TPCH,7,33,0.6211346313357353,0.6211346313357353,True
TPCH,7,32,0.6211346313357353,0.6211346313357353,True
TPCH,7,31,0.6211346313357353,0.6211346313357353,True
TPCH,7,30,0.6211346313357353,0.6211346313357353,True
TPCH,7,29,0.6211346313357353,0.6211346313357353,True
TPCH,7,28,0.6211346313357353,0.6211346313357353,True
TPCH,7,27,0.6211346313357353,0.6211346313357353,True
TPCH,7,26,0.6211346313357353,0.6211346313357353,True
TPCH,7,25,0.6211346313357353,0.6211346313357353,True
TPCH,7,24,0.6211346313357353,0.6211346313357353,True
TPCH,7,23,0.6211346313357353,0.6211346313357353,True
TPCH,7,22,0.6211346313357353,0.6211346313357353,True
TPCH,7,21,0.6211346313357353,0.6211346313357353,True
TPCH,7,20,0.6211346313357353,0.6211346313357353,True
TPCH,7,19,0.6211346313357353,0.6211346313357353,True
TPCH,7,18,0.6211346313357353,0.6211346313357353,True
TPCH,7,17,0.6211346313357353,0.6211346313357353,True
TPCH,7,16,0.6211346313357353,0.6211346313357353,True
TPCH,7,15,0.6211346313357353,0.6211346313357353,True
TPCH,7,14,0.6211346313357353,0.6211346313357353,True
TPCH,7,13,0.6211346313357353,0.6211346313357353,True
TPCH,7,12,0.6211346313357353,0.6211346313357353,True
TPCH,7,11,0.6211346313357353,0.6211346313357353,True
TPCH,7,10,0.6211346313357353,0.6211346313357353,True
TPCH,7,9,0.6211346313357353,0.6211346313357353,True
TPCH,7,8,0.6211346313357353,0.6211346313357353,True
TPCH,7,7,0.6211346313357353,0.6211346313357353,True
TPCH,7,6,0.6211346313357353,0.6211346313357353,True
TPCH,7,5,0.6211346313357353,0.6211346313357353,True
TPCH,7,4,0.6211346313357353,0.6211346313357353,True
TPCH,7,3,0.6211346313357353,0.6211346313357353,True
TPCH,7,2,0.6211346313357353,0.6211346313357353,True
TPCH,7,1,0.6211346313357353,0.6211346313357353,True
TPCH,7,0,0.6211346313357353,0.6211346313357353,True
TPCH,8,63,0.23184806108474731,0.23184806108474731,True
TPCH,8,62,0.23184806108474731,0.23184806108474731,True
TPCH,8,61,0.23184806108474731,0.23184806108474731,True
TPCH,8,60,0.23184806108474731,0.23184806108474731,True
TPCH,8,59,0.23184806108474731,0.23184806108474731,True
TPCH,8,58,0.23184806108474731,0.23184806108474731,True
TPCH,8,57,0.23184806108474731,0.23184806108474731,True
TPCH,8,56,0.23184806108474731,0.23184806108474731,True
TPCH,8,55,0.23184806108474731,0.23184806108474731,True
TPCH,8,54,0.23184806108474731,0.23184806108474731,True
TPCH,8,53,0.23184806108474731,0.23184806108474731,True
TPCH,8,52,0.23184806108474731,0.23184806108474731,True
TPCH,8,51,0.23184806108474731,0.23184806108474731,True
TPCH,8,50,0.23184806108474731,0.23184806108474731,True
TPCH,8,49,0.23184806108474731,0.23184806108474731,True
TPCH,8,48,0.23184806108474731,0.23184806108474731,True
TPCH,8,47,0.23184806108474731,0.23184806108474731,True
TPCH,8,46,0.23184806108474731,0.2314680516719818,False
TPCH,8,45,0.2314680516719818,0.2314680516719818,True
TPCH,8,44,0.2314680516719818,0.2314680516719818,True
TPCH,8,43,0.2314680516719818,0.2314680516719818,True
TPCH,8,42,0.2314680516719818,0.2314680516719818,True
TPCH,8,41,0.2314680516719818,0.2314680516719818,True
TPCH,8,40,0.2314680516719818,0.2314680516719818,True
TPCH,8,39,0.2314680516719818,0.2314680516719818,True
TPCH,8,38,0.2314680516719818,0.2314680516719818,True
TPCH,8,37,0.2314680516719818,0.2314680516719818,True
TPCH,8,36,0.2314680516719818,0.2314680516719818,True
TPCH,8,35,0.2314680516719818,0.2314680516719818,True
TPCH,8,34,0.2314680516719818,0.2314680516719818,True
TPCH,8,33,0.2314680516719818,0.2314680516719818,True
TPCH,8,32,0.2314680516719818,0.2314680516719818,True
TPCH,8,31,0.2314680516719818,0.2314680516719818,True
TPCH,8,30,0.2314680516719818,0.2314680516719818,True
TPCH,8,29,0.2314680516719818,0.2314680516719818,True
TPCH,8,28,0.2314680516719818,0.2314680516719818,True
TPCH,8,27,0.2314680516719818,0.2314680516719818,True
TPCH,8,26,0.2314680516719818,0.2314680516719818,True
TPCH,8,25,0.2314680516719818,0.2314680516719818,True
TPCH,8,24,0.2314680516719818,0.2314680516719818,True
TPCH,8,23,0.2314680516719818,0.2314680516719818,True
TPCH,8,22,0.2314680516719818,0.2314680516719818,True
TPCH,8,21,0.2314680516719818,0.2314680516719818,True
TPCH,8,20,0.2314680516719818,0.2314680516719818,True
TPCH,8,19,0.2314680516719818,0.2314680516719818,True
TPCH,8,18,0.2314680516719818,0.2314680516719818,True
TPCH,8,17,0.2314680516719818,0.2314680516719818,True
TPCH,8,16,0.2314680516719818,0.2314680516719818,True
TPCH,8,15,0.2314680516719818,0.2314680516719818,True
TPCH,8,14,0.2314680516719818,0.2314680516719818,True
TPCH,8,13,0.2314680516719818,0.2314680516719818,True
TPCH,8,12,0.2314680516719818,0.2314680516719818,True
TPCH,8,11,0.2314680516719818,0.2314680516719818,True
TPCH,8,10,0.2314680516719818,0.2314680516719818,True
TPCH,8,9,0.2314680516719818,0.2314680516719818,True
TPCH,8,8,0.2314680516719818,0.2314680516719818,True
TPCH,8,7,0.2314680516719818,0.2314680516719818,True
TPCH,8,6,0.2314680516719818,0.2314680516719818,True
TPCH,8,5,0.2314680516719818,0.2314680516719818,True
TPCH,8,4,0.2314680516719818,0.2314680516719818,True
TPCH,8,3,0.2314680516719818,0.2314680516719818,True
TPCH,8,2,0.2314680516719818,0.2314680516719818,True
TPCH,8,1,0.2314680516719818,0.2314680516719818,True
TPCH,8,0,0.2314680516719818,0.2314680516719818,True
TPCH,9,63,1.4292425513267517,1.3885408714413643,False
TPCH,9,62,1.3885408714413643,1.2931271642446518,False
TPCH,9,61,1.2931271642446518,1.2931271642446518,True
TPCH,9,60,1.2931271642446518,1.2931271642446518,True
TPCH,9,59,1.2931271642446518,1.2931271642446518,True
TPCH,9,58,1.2931271642446518,1.2931271642446518,True
TPCH,9,57,1.2931271642446518,1.2931271642446518,True
TPCH,9,56,1.2931271642446518,1.2931271642446518,True
TPCH,9,55,1.2931271642446518,1.2931271642446518,True
TPCH,9,54,1.2931271642446518,1.2931271642446518,True
TPCH,9,53,1.2931271642446518,1.2931271642446518,True
TPCH,9,52,1.2931271642446518,1.2931271642446518,True
TPCH,9,51,1.2931271642446518,1.2931271642446518,True
TPCH,9,50,1.2931271642446518,1.2931271642446518,True
TPCH,9,49,1.2931271642446518,1.2931271642446518,True
TPCH,9,48,1.2931271642446518,1.2931271642446518,True
TPCH,9,47,1.2931271642446518,1.2913076654076576,False
TPCH,9,46,1.2913076654076576,1.2913076654076576,True
TPCH,9,45,1.2913076654076576,1.2913076654076576,True
TPCH,9,44,1.2913076654076576,1.2913076654076576,True
TPCH,9,43,1.2913076654076576,1.2913076654076576,True
TPCH,9,42,1.2913076654076576,1.2913076654076576,True
TPCH,9,41,1.2913076654076576,1.2913076654076576,True
TPCH,9,40,1.2913076654076576,1.2913076654076576,True
TPCH,9,39,1.2913076654076576,1.2913076654076576,True
TPCH,9,38,1.2913076654076576,1.2913076654076576,True
TPCH,9,37,1.2913076654076576,1.2913076654076576,True
TPCH,9,36,1.2913076654076576,1.2913076654076576,True
TPCH,9,35,1.2913076654076576,1.2913076654076576,True
TPCH,9,34,1.2913076654076576,1.2913076654076576,True
TPCH,9,33,1.2913076654076576,1.2913076654076576,True
TPCH,9,32,1.2913076654076576,1.2913076654076576,True
TPCH,9,31,1.2913076654076576,1.2913076654076576,True
TPCH,9,30,1.2913076654076576,1.2913076654076576,True
TPCH,9,29,1.2913076654076576,1.2913076654076576,True
TPCH,9,28,1.2913076654076576,1.2913076654076576,True
TPCH,9,27,1.2913076654076576,1.2913076654076576,True
TPCH,9,26,1.2913076654076576,1.2913076654076576,True
TPCH,9,25,1.2913076654076576,1.2913076654076576,True
TPCH,9,24,1.2913076654076576,1.2913076654076576,True
TPCH,9,23,1.2913076654076576,1.2913076654076576,True
TPCH,9,22,1.2913076654076576,1.2913076654076576,True
TPCH,9,21,1.2913076654076576,1.2913076654076576,True
TPCH,9,20,1.2913076654076576,1.2913076654076576,True
TPCH,9,19,1.2913076654076576,1.2913076654076576,True
TPCH,9,18,1.2913076654076576,1.2913076654076576,True
TPCH,9,17,1.2913076654076576,1.2913076654076576,True
TPCH,9,16,1.2913076654076576,1.2913076654076576,True
TPCH,9,15,1.2913076654076576,1.2913076654076576,True
TPCH,9,14,1.2913076654076576,1.2913076654076576,True
TPCH,9,13,1.2913076654076576,1.2913076654076576,True
TPCH,9,12,1.2913076654076576,1.2913076654076576,True
TPCH,9,11,1.2913076654076576,1.2913076654076576,True
TPCH,9,10,1.2913076654076576,1.2913076654076576,True
TPCH,9,9,1.2913076654076576,1.2913076654076576,True
TPCH,9,8,1.2913076654076576,1.2913076654076576,True
TPCH,9,7,1.2913076654076576,1.2913076654076576,True
TPCH,9,6,1.2913076654076576,1.2913076654076576,True
TPCH,9,5,1.2913076654076576,1.2913076654076576,True
TPCH,9,4,1.2913076654076576,1.2913076654076576,True
TPCH,9,3,1.2913076654076576,1.2913076654076576,True
TPCH,9,2,1.2913076654076576,1.2913076654076576,True
TPCH,9,1,1.2913076654076576,1.2913076654076576,True
TPCH,9,0,1.2913076654076576,1.2913076654076576,True
TPCH,10,63,1.3792912662029266,1.2634061425924301,False
TPCH,10,62,1.2634061425924301,1.2634061425924301,True
TPCH,10,61,1.2634061425924301,0.49970269203186035,False
TPCH,10,60,0.49970269203186035,0.4956584498286247,False
TPCH,10,59,0.4956584498286247,0.4956584498286247,True
TPCH,10,58,0.4956584498286247,0.4956584498286247,True
TPCH,10,57,0.4956584498286247,0.4956584498286247,True
TPCH,10,56,0.4956584498286247,0.4956584498286247,True
TPCH,10,55,0.4956584498286247,0.4956584498286247,True
TPCH,10,54,0.4956584498286247,0.4956584498286247,True
TPCH,10,53,0.4956584498286247,0.4956584498286247,True
TPCH,10,52,0.4956584498286247,0.4956584498286247,True
TPCH,10,51,0.4956584498286247,0.4956584498286247,True
TPCH,10,50,0.4956584498286247,0.4956584498286247,True
TPCH,10,49,0.4956584498286247,0.4956584498286247,True
TPCH,10,48,0.4956584498286247,0.4956584498286247,True
TPCH,10,47,0.4956584498286247,0.4956584498286247,True
TPCH,10,46,0.4956584498286247,0.4956584498286247,True
TPCH,10,45,0.4956584498286247,0.4843301996588707,False
TPCH,10,44,0.4843301996588707,0.4843301996588707,True
TPCH,10,43,0.4843301996588707,0.4843301996588707,True
TPCH,10,42,0.4843301996588707,0.4843301996588707,True
TPCH,10,41,0.4843301996588707,0.4843301996588707,True
TPCH,10,40,0.4843301996588707,0.4843301996588707,True
TPCH,10,39,0.4843301996588707,0.4843301996588707,True
TPCH,10,38,0.4843301996588707,0.4843301996588707,True
TPCH,10,37,0.4843301996588707,0.4843301996588707,True
TPCH,10,36,0.4843301996588707,0.4843301996588707,True
TPCH,10,35,0.4843301996588707,0.4843301996588707,True
TPCH,10,34,0.4843301996588707,0.4843301996588707,True
TPCH,10,33,0.4843301996588707,0.4843301996588707,True
TPCH,10,32,0.4843301996588707,0.4843301996588707,True
TPCH,10,31,0.4843301996588707,0.4843301996588707,True
TPCH,10,30,0.4843301996588707,0.4843301996588707,True
TPCH,10,29,0.4843301996588707,0.4843301996588707,True
TPCH,10,28,0.4843301996588707,0.48391100764274597,False
TPCH,10,27,0.48391100764274597,0.48391100764274597,True
TPCH,10,26,0.48391100764274597,0.48391100764274597,True
TPCH,10,25,0.48391100764274597,0.48391100764274597,True
TPCH,10,24,0.48391100764274597,0.48391100764274597,True
TPCH,10,23,0.48391100764274597,0.48391100764274597,True
TPCH,10,22,0.48391100764274597,0.48391100764274597,True
TPCH,10,21,0.48391100764274597,0.48391100764274597,True
TPCH,10,20,0.48391100764274597,0.48391100764274597,True
TPCH,10,19,0.48391100764274597,0.48391100764274597,True
TPCH,10,18,0.48391100764274597,0.48391100764274597,True
TPCH,10,17,0.48391100764274597,0.48391100764274597,True
TPCH,10,16,0.48391100764274597,0.48391100764274597,True
TPCH,10,15,0.48391100764274597,0.48391100764274597,True
TPCH,10,14,0.48391100764274597,0.48391100764274597,True
TPCH,10,13,0.48391100764274597,0.48391100764274597,True
TPCH,10,12,0.48391100764274597,0.48391100764274597,True
TPCH,10,11,0.48391100764274597,0.48391100764274597,True
TPCH,10,10,0.48391100764274597,0.48391100764274597,True
TPCH,10,9,0.48391100764274597,0.48391100764274597,True
TPCH,10,8,0.48391100764274597,0.48391100764274597,True
TPCH,10,7,0.48391100764274597,0.48391100764274597,True
TPCH,10,6,0.48391100764274597,0.48391100764274597,True
TPCH,10,5,0.48391100764274597,0.48391100764274597,True
TPCH,10,4,0.48391100764274597,0.48391100764274597,True
TPCH,10,3,0.48391100764274597,0.48391100764274597,True
TPCH,10,2,0.48391100764274597,0.48391100764274597,True
TPCH,10,1,0.48391100764274597,0.48391100764274597,True
TPCH,10,0,0.48391100764274597,0.48391100764274597,True
TPCH,11,63,0.08095035701990128,0.08095035701990128,True
TPCH,11,62,0.08095035701990128,0.07157989591360092,False
TPCH,11,61,0.07157989591360092,0.07150258868932724,False
TPCH,11,60,0.07150258868932724,0.07199232280254364,False
TPCH,11,59,0.07150258868932724,0.07150258868932724,True
TPCH,11,58,0.07150258868932724,0.07150258868932724,True
TPCH,11,57,0.07150258868932724,0.07150258868932724,True
TPCH,11,56,0.07150258868932724,0.07150258868932724,True
TPCH,11,55,0.07150258868932724,0.07150258868932724,True
TPCH,11,54,0.07150258868932724,0.07150258868932724,True
TPCH,11,53,0.07150258868932724,0.07150258868932724,True
TPCH,11,52,0.07150258868932724,0.07150258868932724,True
TPCH,11,51,0.07150258868932724,0.07150258868932724,True
TPCH,11,50,0.07150258868932724,0.07150258868932724,True
TPCH,11,49,0.07150258868932724,0.07150258868932724,True
TPCH,11,48,0.07150258868932724,0.07150258868932724,True
TPCH,11,47,0.07150258868932724,0.07150258868932724,True
TPCH,11,46,0.07150258868932724,0.07067738473415375,False
TPCH,11,45,0.07067738473415375,0.07067738473415375,True
TPCH,11,44,0.07067738473415375,0.07067738473415375,True
TPCH,11,43,0.07067738473415375,0.07067738473415375,True
TPCH,11,42,0.07067738473415375,0.07067738473415375,True
TPCH,11,41,0.07067738473415375,0.07067738473415375,True
TPCH,11,40,0.07067738473415375,0.07067738473415375,True
TPCH,11,39,0.07067738473415375,0.07067738473415375,True
TPCH,11,38,0.07067738473415375,0.07067738473415375,True
TPCH,11,37,0.07067738473415375,0.07067738473415375,True
TPCH,11,36,0.07067738473415375,0.07067738473415375,True
TPCH,11,35,0.07067738473415375,0.07067738473415375,True
TPCH,11,34,0.07067738473415375,0.07067738473415375,True
TPCH,11,33,0.07067738473415375,0.07067738473415375,True
TPCH,11,32,0.07067738473415375,0.07067738473415375,True
TPCH,11,31,0.07067738473415375,0.07067738473415375,True
TPCH,11,30,0.07067738473415375,0.07071519643068314,False
TPCH,11,29,0.07067738473415375,0.07056267559528351,False
TPCH,11,28,0.07056267559528351,0.07056267559528351,True
TPCH,11,27,0.07056267559528351,0.07056267559528351,True
TPCH,11,26,0.07056267559528351,0.07056267559528351,True
TPCH,11,25,0.07056267559528351,0.07056267559528351,True
TPCH,11,24,0.07056267559528351,0.07056267559528351,True
TPCH,11,23,0.07056267559528351,0.07056267559528351,True
TPCH,11,22,0.07056267559528351,0.07056267559528351,True
TPCH,11,21,0.07056267559528351,0.07056267559528351,True
TPCH,11,20,0.07056267559528351,0.07056267559528351,True
TPCH,11,19,0.07056267559528351,0.07056267559528351,True
TPCH,11,18,0.07056267559528351,0.07056267559528351,True
TPCH,11,17,0.07056267559528351,0.07056267559528351,True
TPCH,11,16,0.07056267559528351,0.07056267559528351,True
TPCH,11,15,0.07056267559528351,0.07056267559528351,True
TPCH,11,14,0.07056267559528351,0.07056267559528351,True
TPCH,11,13,0.07056267559528351,0.06966550648212433,False
TPCH,11,12,0.06966550648212433,0.06966550648212433,True
TPCH,11,11,0.06966550648212433,0.06966550648212433,True
TPCH,11,10,0.06966550648212433,0.06966550648212433,True
TPCH,11,9,0.06966550648212433,0.06966550648212433,True
TPCH,11,8,0.06966550648212433,0.06966550648212433,True
TPCH,11,7,0.06966550648212433,0.06966550648212433,True
TPCH,11,6,0.06966550648212433,0.06966550648212433,True
TPCH,11,5,0.06966550648212433,0.06966550648212433,True
TPCH,11,4,0.06966550648212433,0.06966550648212433,True
TPCH,11,3,0.06966550648212433,0.06966550648212433,True
TPCH,11,2,0.06966550648212433,0.06966550648212433,True
TPCH,11,1,0.06966550648212433,0.06966550648212433,True
TPCH,11,0,0.06966550648212433,0.06966550648212433,True
TPCH,12,63,1.0076507478952408,0.9154091626405716,False
TPCH,12,62,0.9154091626405716,0.9200248643755913,False
TPCH,12,61,0.9154091626405716,0.6920771077275276,False
TPCH,12,60,0.6920771077275276,0.6767344549298286,False
TPCH,12,59,0.6767344549298286,0.6767344549298286,True
TPCH,12,58,0.6767344549298286,0.6767344549298286,True
TPCH,12,57,0.6767344549298286,0.5487625896930695,False
TPCH,12,56,0.5487625896930695,0.5490738824009895,False
TPCH,12,55,0.5487625896930695,0.5487625896930695,True
TPCH,12,54,0.5487625896930695,0.5487625896930695,True
TPCH,12,53,0.5487625896930695,0.5487625896930695,True
TPCH,12,52,0.5487625896930695,0.5487625896930695,True
TPCH,12,51,0.5487625896930695,0.5487625896930695,True
TPCH,12,50,0.5487625896930695,0.5487625896930695,True
TPCH,12,49,0.5487625896930695,0.5487625896930695,True
TPCH,12,48,0.5487625896930695,0.5487625896930695,True
TPCH,12,47,0.5487625896930695,0.5487625896930695,True
TPCH,12,46,0.5487625896930695,0.5487625896930695,True
TPCH,12,45,0.5487625896930695,0.5487625896930695,True
TPCH,12,44,0.5487625896930695,0.5487625896930695,True
TPCH,12,43,0.5487625896930695,0.5487625896930695,True
TPCH,12,42,0.5487625896930695,0.5487625896930695,True
TPCH,12,41,0.5487625896930695,0.5475819259881973,False
TPCH,12,40,0.5475819259881973,0.547045536339283,False
TPCH,12,39,0.547045536339283,0.547045536339283,True
TPCH,12,38,0.547045536339283,0.547045536339283,True
TPCH,12,37,0.547045536339283,0.547045536339283,True
TPCH,12,36,0.547045536339283,0.547045536339283,True
TPCH,12,35,0.547045536339283,0.547045536339283,True
TPCH,12,34,0.547045536339283,0.547045536339283,True
TPCH,12,33,0.547045536339283,0.547045536339283,True
TPCH,12,32,0.547045536339283,0.547045536339283,True
TPCH,12,31,0.547045536339283,0.547045536339283,True
TPCH,12,30,0.547045536339283,0.547045536339283,True
TPCH,12,29,0.547045536339283,0.547045536339283,True
TPCH,12,28,0.547045536339283,0.547045536339283,True
TPCH,12,27,0.547045536339283,0.5409323200583458,False
TPCH,12,26,0.5409323200583458,0.5389664620161057,False
TPCH,12,25,0.5389664620161057,0.5389664620161057,True
TPCH,12,24,0.5389664620161057,0.5375427678227425,False
TPCH,12,23,0.5375427678227425,0.5375427678227425,True
TPCH,12,22,0.5375427678227425,0.5375427678227425,True
TPCH,12,21,0.5375427678227425,0.5375427678227425,True
TPCH,12,20,0.5375427678227425,0.5375427678227425,True
TPCH,12,19,0.5375427678227425,0.5375427678227425,True
TPCH,12,18,0.5375427678227425,0.5375427678227425,True
TPCH,12,17,0.5375427678227425,0.5375427678227425,True
TPCH,12,16,0.5375427678227425,0.5375427678227425,True
TPCH,12,15,0.5375427678227425,0.5270591527223587,False
TPCH,12,14,0.5270591527223587,0.5259897038340569,False
TPCH,12,13,0.5259897038340569,0.5259897038340569,True
TPCH,12,12,0.5259897038340569,0.5243339166045189,False
TPCH,12,11,0.5243339166045189,0.5243339166045189,True
TPCH,12,10,0.5243339166045189,0.5243339166045189,True
TPCH,12,9,0.5243339166045189,0.5243339166045189,True
TPCH,12,8,0.5243339166045189,0.5243339166045189,True
TPCH,12,7,0.5243339166045189,0.5212017670273781,False
TPCH,12,6,0.5212017670273781,0.5212017670273781,True
TPCH,12,5,0.5212017670273781,0.5212017670273781,True
TPCH,12,4,0.5212017670273781,0.5212114006280899,False
TPCH,12,3,0.5212017670273781,0.5212017670273781,True
TPCH,12,2,0.5212017670273781,0.5212017670273781,True
TPCH,12,1,0.5212017670273781,0.5212017670273781,True
TPCH,12,0,0.5212017670273781,0.5212017670273781,True
TPCH,13,63,1.1345239132642746,1.0785684064030647,False
TPCH,13,62,1.0785684064030647,1.0785684064030647,True
TPCH,13,61,1.0785684064030647,1.0785684064030647,True
TPCH,13,60,1.0785684064030647,1.0785684064030647,True
TPCH,13,59,1.0785684064030647,1.069268859922886,False
TPCH,13,58,1.069268859922886,1.0668040812015533,False
TPCH,13,57,1.0668040812015533,1.0668040812015533,True
TPCH,13,56,1.0668040812015533,1.0668040812015533,True
TPCH,13,55,1.0668040812015533,1.0668040812015533,True
TPCH,13,54,1.0668040812015533,1.0618571266531944,False
TPCH,13,53,1.0618571266531944,1.0618571266531944,True
TPCH,13,52,1.0618571266531944,1.0618571266531944,True
TPCH,13,51,1.0618571266531944,1.0618571266531944,True
TPCH,13,50,1.0618571266531944,1.0618571266531944,True
TPCH,13,49,1.0618571266531944,1.0618571266531944,True
TPCH,13,48,1.0618571266531944,1.0618571266531944,True
TPCH,13,47,1.0618571266531944,1.0618571266531944,True
TPCH,13,46,1.0618571266531944,1.0618571266531944,True
TPCH,13,45,1.0618571266531944,1.0618571266531944,True
TPCH,13,44,1.0618571266531944,1.0618571266531944,True
TPCH,13,43,1.0618571266531944,1.0618571266531944,True
TPCH,13,42,1.0618571266531944,1.0618571266531944,True
TPCH,13,41,1.0618571266531944,1.0618571266531944,True
TPCH,13,40,1.0618571266531944,1.0618571266531944,True
TPCH,13,39,1.0618571266531944,1.0618571266531944,True
TPCH,13,38,1.0618571266531944,1.0618571266531944,True
TPCH,13,37,1.0618571266531944,1.0618571266531944,True
TPCH,13,36,1.0618571266531944,1.0618571266531944,True
TPCH,13,35,1.0618571266531944,1.0618571266531944,True
TPCH,13,34,1.0618571266531944,1.0618571266531944,True
TPCH,13,33,1.0618571266531944,1.0618571266531944,True
TPCH,13,32,1.0618571266531944,1.0618571266531944,True
TPCH,13,31,1.0618571266531944,1.0618571266531944,True
TPCH,13,30,1.0618571266531944,1.0618571266531944,True
TPCH,13,29,1.0618571266531944,1.0618571266531944,True
TPCH,13,28,1.0618571266531944,1.0618571266531944,True
TPCH,13,27,1.0618571266531944,1.0618571266531944,True
TPCH,13,26,1.0618571266531944,1.0618571266531944,True
TPCH,13,25,1.0618571266531944,1.0618571266531944,True
TPCH,13,24,1.0618571266531944,1.0618571266531944,True
TPCH,13,23,1.0618571266531944,1.0618571266531944,True
TPCH,13,22,1.0618571266531944,1.0618571266531944,True
TPCH,13,21,1.0618571266531944,1.0618571266531944,True
TPCH,13,20,1.0618571266531944,1.0618571266531944,True
TPCH,13,19,1.0618571266531944,1.0618571266531944,True
TPCH,13,18,1.0618571266531944,1.0618571266531944,True
TPCH,13,17,1.0618571266531944,1.0618571266531944,True
TPCH,13,16,1.0618571266531944,1.0618571266531944,True
TPCH,13,15,1.0618571266531944,1.0618571266531944,True
TPCH,13,14,1.0618571266531944,1.0618571266531944,True
TPCH,13,13,1.0618571266531944,1.0618571266531944,True
TPCH,13,12,1.0618571266531944,1.0618571266531944,True
TPCH,13,11,1.0618571266531944,1.0618571266531944,True
TPCH,13,10,1.0618571266531944,1.0618571266531944,True
TPCH,13,9,1.0618571266531944,1.0618571266531944,True
TPCH,13,8,1.0618571266531944,1.0618571266531944,True
TPCH,13,7,1.0618571266531944,1.0618571266531944,True
TPCH,13,6,1.0618571266531944,1.0618571266531944,True
TPCH,13,5,1.0618571266531944,1.0618571266531944,True
TPCH,13,4,1.0618571266531944,1.0618571266531944,True
TPCH,13,3,1.0618571266531944,1.0618571266531944,True
TPCH,13,2,1.0618571266531944,1.0618571266531944,True
TPCH,13,1,1.0618571266531944,1.0618571266531944,True
TPCH,13,0,1.0618571266531944,1.0618571266531944,True
TPCH,14,63,0.16989116370677948,0.16989116370677948,True
TPCH,14,62,0.16989116370677948,0.15579105913639069,False
TPCH,14,61,0.15579105913639069,0.15579105913639069,True
TPCH,14,60,0.15579105913639069,0.15579105913639069,True
TPCH,14,59,0.15579105913639069,0.15579105913639069,True
TPCH,14,58,0.15579105913639069,0.15579105913639069,True
TPCH,14,57,0.15579105913639069,0.15579105913639069,True
TPCH,14,56,0.15579105913639069,0.15579105913639069,True
TPCH,14,55,0.15579105913639069,0.15579105913639069,True
TPCH,14,54,0.15579105913639069,0.15579105913639069,True
TPCH,14,53,0.15579105913639069,0.15579105913639069,True
TPCH,14,52,0.15579105913639069,0.15579105913639069,True
TPCH,14,51,0.15579105913639069,0.1559191793203354,False
TPCH,14,50,0.15579105913639069,0.15579105913639069,True
TPCH,14,49,0.15579105913639069,0.15579105913639069,True
TPCH,14,48,0.15579105913639069,0.15579105913639069,True
TPCH,14,47,0.15579105913639069,0.15512636303901672,False
TPCH,14,46,0.15512636303901672,0.15466980636119843,False
TPCH,14,45,0.15466980636119843,0.15466980636119843,True
TPCH,14,44,0.15466980636119843,0.15466980636119843,True
TPCH,14,43,0.15466980636119843,0.15466980636119843,True
TPCH,14,42,0.15466980636119843,0.15466980636119843,True
TPCH,14,41,0.15466980636119843,0.15466980636119843,True
TPCH,14,40,0.15466980636119843,0.15466980636119843,True
TPCH,14,39,0.15466980636119843,0.15466980636119843,True
TPCH,14,38,0.15466980636119843,0.15466980636119843,True
TPCH,14,37,0.15466980636119843,0.15466980636119843,True
TPCH,14,36,0.15466980636119843,0.15466980636119843,True
TPCH,14,35,0.15466980636119843,0.15466980636119843,True
TPCH,14,34,0.15466980636119843,0.15466980636119843,True
TPCH,14,33,0.15466980636119843,0.15466980636119843,True
TPCH,14,32,0.15466980636119843,0.15466980636119843,True
TPCH,14,31,0.15466980636119843,0.15466980636119843,True
TPCH,14,30,0.15466980636119843,0.15466980636119843,True
TPCH,14,29,0.15466980636119843,0.15466980636119843,True
TPCH,14,28,0.15466980636119843,0.15466980636119843,True
TPCH,14,27,0.15466980636119843,0.15466980636119843,True
TPCH,14,26,0.15466980636119843,0.15466980636119843,True
TPCH,14,25,0.15466980636119843,0.15466980636119843,True
TPCH,14,24,0.15466980636119843,0.15466980636119843,True
TPCH,14,23,0.15466980636119843,0.15466980636119843,True
TPCH,14,22,0.15466980636119843,0.15466980636119843,True
TPCH,14,21,0.15466980636119843,0.15466980636119843,True
TPCH,14,20,0.15466980636119843,0.15466980636119843,True
TPCH,14,19,0.15466980636119843,0.15466980636119843,True
TPCH,14,18,0.15466980636119843,0.15466980636119843,True
TPCH,14,17,0.15466980636119843,0.15466980636119843,True
TPCH,14,16,0.15466980636119843,0.15466980636119843,True
TPCH,14,15,0.15466980636119843,0.15466980636119843,True
TPCH,14,14,0.15466980636119843,0.15466980636119843,True
TPCH,14,13,0.15466980636119843,0.15466980636119843,True
TPCH,14,12,0.15466980636119843,0.15466980636119843,True
TPCH,14,11,0.15466980636119843,0.15466980636119843,True
TPCH,14,10,0.15466980636119843,0.15466980636119843,True
TPCH,14,9,0.15466980636119843,0.15466980636119843,True
TPCH,14,8,0.15466980636119843,0.15466980636119843,True
TPCH,14,7,0.15466980636119843,0.15466980636119843,True
TPCH,14,6,0.15466980636119843,0.15466980636119843,True
TPCH,14,5,0.15466980636119843,0.15466980636119843,True
TPCH,14,4,0.15466980636119843,0.15466980636119843,True
TPCH,14,3,0.15466980636119843,0.15466980636119843,True
TPCH,14,2,0.15466980636119843,0.15466980636119843,True
TPCH,14,1,0.15466980636119843,0.15466980636119843,True
TPCH,14,0,0.15466980636119843,0.15466980636119843,True
TPCH,15,63,0.26802920550107956,0.25049515813589096,False
TPCH,15,62,0.25049515813589096,0.24320005625486374,False
TPCH,15,61,0.24320005625486374,0.24445830285549164,False
TPCH,15,60,0.24320005625486374,0.23755702376365662,False
TPCH,15,59,0.23755702376365662,0.23755702376365662,True
TPCH,15,58,0.23755702376365662,0.23717977106571198,False
TPCH,15,57,0.23717977106571198,0.2332746759057045,False
TPCH,15,56,0.2332746759057045,0.2332746759057045,True
TPCH,15,55,0.2332746759057045,0.2332746759057045,True
TPCH,15,54,0.2332746759057045,0.2332746759057045,True
TPCH,15,53,0.2332746759057045,0.2332746759057045,True
TPCH,15,52,0.2332746759057045,0.2332746759057045,True
TPCH,15,51,0.2332746759057045,0.23450205475091934,False
TPCH,15,50,0.2332746759057045,0.2332746759057045,True
TPCH,15,49,0.2332746759057045,0.2332746759057045,True
TPCH,15,48,0.2332746759057045,0.2332746759057045,True
TPCH,15,47,0.2332746759057045,0.2342483550310135,False
TPCH,15,46,0.2332746759057045,0.23432832211256027,False
TPCH,15,45,0.2332746759057045,0.23376647382974625,False
TPCH,15,44,0.2332746759057045,0.2332746759057045,True
TPCH,15,43,0.2332746759057045,0.23240548372268677,False
TPCH,15,42,0.23240548372268677,0.23240548372268677,True
TPCH,15,41,0.23240548372268677,0.23240548372268677,True
TPCH,15,40,0.23240548372268677,0.23240548372268677,True
TPCH,15,39,0.23240548372268677,0.23240548372268677,True
TPCH,15,38,0.23240548372268677,0.23167065531015396,False
TPCH,15,37,0.23167065531015396,0.2302871197462082,False
TPCH,15,36,0.2302871197462082,0.22872688621282578,False
TPCH,15,35,0.22872688621282578,0.22872688621282578,True
TPCH,15,34,0.22872688621282578,0.22872688621282578,True
TPCH,15,33,0.22872688621282578,0.22872688621282578,True
TPCH,15,32,0.22872688621282578,0.22872688621282578,True
TPCH,15,31,0.22872688621282578,0.22872688621282578,True
TPCH,15,30,0.22872688621282578,0.22872688621282578,True
TPCH,15,29,0.22872688621282578,0.22872688621282578,True
TPCH,15,28,0.22872688621282578,0.22872688621282578,True
TPCH,15,27,0.22872688621282578,0.22872688621282578,True
TPCH,15,26,0.22872688621282578,0.22872688621282578,True
TPCH,15,25,0.22872688621282578,0.22872688621282578,True
TPCH,15,24,0.22872688621282578,0.22872688621282578,True
TPCH,15,23,0.22872688621282578,0.22872688621282578,True
TPCH,15,22,0.22872688621282578,0.22872688621282578,True
TPCH,15,21,0.22872688621282578,0.22872688621282578,True
TPCH,15,20,0.22872688621282578,0.22872688621282578,True
TPCH,15,19,0.22872688621282578,0.22872688621282578,True
TPCH,15,18,0.22872688621282578,0.22872688621282578,True
TPCH,15,17,0.22872688621282578,0.22872688621282578,True
TPCH,15,16,0.22872688621282578,0.22872688621282578,True
TPCH,15,15,0.22872688621282578,0.22872688621282578,True
TPCH,15,14,0.22872688621282578,0.22872688621282578,True
TPCH,15,13,0.22872688621282578,0.22872688621282578,True
TPCH,15,12,0.22872688621282578,0.22872688621282578,True
TPCH,15,11,0.22872688621282578,0.22872688621282578,True
TPCH,15,10,0.22872688621282578,0.22872688621282578,True
TPCH,15,9,0.22872688621282578,0.22872688621282578,True
TPCH,15,8,0.22872688621282578,0.22872688621282578,True
TPCH,15,7,0.22872688621282578,0.22872688621282578,True
TPCH,15,6,0.22872688621282578,0.22872688621282578,True
TPCH,15,5,0.22872688621282578,0.22872688621282578,True
TPCH,15,4,0.22872688621282578,0.22872688621282578,True
TPCH,15,3,0.22872688621282578,0.22872688621282578,True
TPCH,15,2,0.22872688621282578,0.22872688621282578,True
TPCH,15,1,0.22872688621282578,0.22872688621282578,True
TPCH,15,0,0.22872688621282578,0.22872688621282578,True
TPCH,16,63,0.6429198458790779,0.6058669835329056,False
TPCH,16,62,0.6058669835329056,0.5978492870926857,False
TPCH,16,61,0.5978492870926857,0.5978492870926857,True
TPCH,16,60,0.5978492870926857,0.5978492870926857,True
TPCH,16,59,0.5978492870926857,0.5982850193977356,False
TPCH,16,58,0.5978492870926857,0.5976202487945557,False
TPCH,16,57,0.5976202487945557,0.5976202487945557,True
TPCH,16,56,0.5976202487945557,0.5976202487945557,True
TPCH,16,55,0.5976202487945557,0.5976202487945557,True
TPCH,16,54,0.5976202487945557,0.5976202487945557,True
TPCH,16,53,0.5976202487945557,0.5976202487945557,True
TPCH,16,52,0.5976202487945557,0.5976202487945557,True
TPCH,16,51,0.5976202487945557,0.5976202487945557,True
TPCH,16,50,0.5976202487945557,0.5976202487945557,True
TPCH,16,49,0.5976202487945557,0.5976202487945557,True
TPCH,16,48,0.5976202487945557,0.5976202487945557,True
TPCH,16,47,0.5976202487945557,0.5976202487945557,True
TPCH,16,46,0.5976202487945557,0.5976202487945557,True
TPCH,16,45,0.5976202487945557,0.5976202487945557,True
TPCH,16,44,0.5976202487945557,0.5976202487945557,True
TPCH,16,43,0.5976202487945557,0.5976202487945557,True
TPCH,16,42,0.5976202487945557,0.5976202487945557,True
TPCH,16,41,0.5976202487945557,0.5976202487945557,True
TPCH,16,40,0.5976202487945557,0.5976202487945557,True
TPCH,16,39,0.5976202487945557,0.5976202487945557,True
TPCH,16,38,0.5976202487945557,0.5976202487945557,True
TPCH,16,37,0.5976202487945557,0.5976202487945557,True
TPCH,16,36,0.5976202487945557,0.5976202487945557,True
TPCH,16,35,0.5976202487945557,0.5976202487945557,True
TPCH,16,34,0.5976202487945557,0.5976202487945557,True
TPCH,16,33,0.5976202487945557,0.5976202487945557,True
TPCH,16,32,0.5976202487945557,0.5976202487945557,True
TPCH,16,31,0.5976202487945557,0.5976202487945557,True
TPCH,16,30,0.5976202487945557,0.5976202487945557,True
TPCH,16,29,0.5976202487945557,0.5976202487945557,True
TPCH,16,28,0.5976202487945557,0.5976202487945557,True
TPCH,16,27,0.5976202487945557,0.5976202487945557,True
TPCH,16,26,0.5976202487945557,0.5976202487945557,True
TPCH,16,25,0.5976202487945557,0.5976202487945557,True
TPCH,16,24,0.5976202487945557,0.5976202487945557,True
TPCH,16,23,0.5976202487945557,0.5976202487945557,True
TPCH,16,22,0.5976202487945557,0.5976202487945557,True
TPCH,16,21,0.5976202487945557,0.5976202487945557,True
TPCH,16,20,0.5976202487945557,0.5976202487945557,True
TPCH,16,19,0.5976202487945557,0.5976202487945557,True
TPCH,16,18,0.5976202487945557,0.5976202487945557,True
TPCH,16,17,0.5976202487945557,0.5976202487945557,True
TPCH,16,16,0.5976202487945557,0.5976202487945557,True
TPCH,16,15,0.5976202487945557,0.5976202487945557,True
TPCH,16,14,0.5976202487945557,0.5976202487945557,True
TPCH,16,13,0.5976202487945557,0.5976202487945557,True
TPCH,16,12,0.5976202487945557,0.5976202487945557,True
TPCH,16,11,0.5976202487945557,0.5976202487945557,True
TPCH,16,10,0.5976202487945557,0.5976202487945557,True
TPCH,16,9,0.5976202487945557,0.5976202487945557,True
TPCH,16,8,0.5976202487945557,0.5976202487945557,True
TPCH,16,7,0.5976202487945557,0.5976202487945557,True
TPCH,16,6,0.5976202487945557,0.5976202487945557,True
TPCH,16,5,0.5976202487945557,0.5976202487945557,True
TPCH,16,4,0.5976202487945557,0.5976202487945557,True
TPCH,16,3,0.5976202487945557,0.5976202487945557,True
TPCH,16,2,0.5976202487945557,0.5976202487945557,True
TPCH,16,1,0.5976202487945557,0.5976202487945557,True
TPCH,16,0,0.5976202487945557,0.5976202487945557,True
TPCH,17,63,0.9496825113892555,0.9225887358188629,False
TPCH,17,62,0.9225887358188629,0.8696972355246544,False
TPCH,17,61,0.8696972355246544,0.8696972355246544,True
TPCH,17,60,0.8696972355246544,0.8696972355246544,True
TPCH,17,59,0.8696972355246544,0.8696972355246544,True
TPCH,17,58,0.8696972355246544,0.8696972355246544,True
TPCH,17,57,0.8696972355246544,0.17764319479465485,False
TPCH,17,56,0.17764319479465485,0.15706980228424072,False
TPCH,17,55,0.15706980228424072,0.15706980228424072,True
TPCH,17,54,0.15706980228424072,0.15706980228424072,True
TPCH,17,53,0.15706980228424072,0.15706980228424072,True
TPCH,17,52,0.15706980228424072,0.15706980228424072,True
TPCH,17,51,0.15706980228424072,0.15706980228424072,True
TPCH,17,50,0.15706980228424072,0.15706980228424072,True
TPCH,17,49,0.15706980228424072,0.15706980228424072,True
TPCH,17,48,0.15706980228424072,0.15706980228424072,True
TPCH,17,47,0.15706980228424072,0.15706980228424072,True
TPCH,17,46,0.15706980228424072,0.15706980228424072,True
TPCH,17,45,0.15706980228424072,0.15706980228424072,True
TPCH,17,44,0.15706980228424072,0.15706980228424072,True
TPCH,17,43,0.15706980228424072,0.15706980228424072,True
TPCH,17,42,0.15706980228424072,0.15706980228424072,True
TPCH,17,41,0.15706980228424072,0.1552557572722435,False
TPCH,17,40,0.1552557572722435,0.1552557572722435,True
TPCH,17,39,0.1552557572722435,0.1552557572722435,True
TPCH,17,38,0.1552557572722435,0.1552557572722435,True
TPCH,17,37,0.1552557572722435,0.1552557572722435,True
TPCH,17,36,0.1552557572722435,0.1552557572722435,True
TPCH,17,35,0.1552557572722435,0.1552557572722435,True
TPCH,17,34,0.1552557572722435,0.1552557572722435,True
TPCH,17,33,0.1552557572722435,0.1552557572722435,True
TPCH,17,32,0.1552557572722435,0.1552557572722435,True
TPCH,17,31,0.1552557572722435,0.14430486410856247,False
TPCH,17,30,0.14430486410856247,0.14430486410856247,True
TPCH,17,29,0.14430486410856247,0.14430486410856247,True
TPCH,17,28,0.14430486410856247,0.14430486410856247,True
TPCH,17,27,0.14430486410856247,0.14430486410856247,True
TPCH,17,26,0.14430486410856247,0.14430486410856247,True
TPCH,17,25,0.14430486410856247,0.14430486410856247,True
TPCH,17,24,0.14430486410856247,0.14430486410856247,True
TPCH,17,23,0.14430486410856247,0.14430486410856247,True
TPCH,17,22,0.14430486410856247,0.14430486410856247,True
TPCH,17,21,0.14430486410856247,0.14430486410856247,True
TPCH,17,20,0.14430486410856247,0.14430486410856247,True
TPCH,17,19,0.14430486410856247,0.14430486410856247,True
TPCH,17,18,0.14430486410856247,0.14430486410856247,True
TPCH,17,17,0.14430486410856247,0.14430486410856247,True
TPCH,17,16,0.14430486410856247,0.14430486410856247,True
TPCH,17,15,0.14430486410856247,0.14430486410856247,True
TPCH,17,14,0.14430486410856247,0.14430486410856247,True
TPCH,17,13,0.14430486410856247,0.14430486410856247,True
TPCH,17,12,0.14430486410856247,0.14430486410856247,True
TPCH,17,11,0.14430486410856247,0.14430486410856247,True
TPCH,17,10,0.14430486410856247,0.14430486410856247,True
TPCH,17,9,0.14430486410856247,0.14430486410856247,True
TPCH,17,8,0.14430486410856247,0.14430486410856247,True
TPCH,17,7,0.14430486410856247,0.14430486410856247,True
TPCH,17,6,0.14430486410856247,0.14430486410856247,True
TPCH,17,5,0.14430486410856247,0.14430486410856247,True
TPCH,17,4,0.14430486410856247,0.14430486410856247,True
TPCH,17,3,0.14430486410856247,0.14430486410856247,True
TPCH,17,2,0.14430486410856247,0.14430486410856247,True
TPCH,17,1,0.14430486410856247,0.14430486410856247,True
TPCH,17,0,0.14430486410856247,0.14430486410856247,True
TPCH,18,63,4.332708448171616,4.26433802396059,False
TPCH,18,62,4.26433802396059,4.233579590916634,False
TPCH,18,61,4.233579590916634,2.1374785155057907,False
TPCH,18,60,2.1374785155057907,2.124998614192009,False
TPCH,18,59,2.124998614192009,2.124998614192009,True
TPCH,18,58,2.124998614192009,2.124998614192009,True
TPCH,18,57,2.124998614192009,1.8555795103311539,False
TPCH,18,56,1.8555795103311539,1.8555795103311539,True
TPCH,18,55,1.8555795103311539,1.8555795103311539,True
TPCH,18,54,1.8555795103311539,1.8555795103311539,True
TPCH,18,53,1.8555795103311539,1.8555795103311539,True
TPCH,18,52,1.8555795103311539,1.8555795103311539,True
TPCH,18,51,1.8555795103311539,1.8555795103311539,True
TPCH,18,50,1.8555795103311539,1.8555795103311539,True
TPCH,18,49,1.8555795103311539,1.8555795103311539,True
TPCH,18,48,1.8555795103311539,1.8555795103311539,True
TPCH,18,47,1.8555795103311539,1.8555795103311539,True
TPCH,18,46,1.8555795103311539,1.8555795103311539,True
TPCH,18,45,1.8555795103311539,1.8555795103311539,True
TPCH,18,44,1.8555795103311539,1.8555795103311539,True
TPCH,18,43,1.8555795103311539,1.8555795103311539,True
TPCH,18,42,1.8555795103311539,1.8555795103311539,True
TPCH,18,41,1.8555795103311539,1.8490667566657066,False
TPCH,18,40,1.8490667566657066,1.8490667566657066,True
TPCH,18,39,1.8490667566657066,1.8490667566657066,True
TPCH,18,38,1.8490667566657066,1.8490667566657066,True
TPCH,18,37,1.8490667566657066,1.8490667566657066,True
TPCH,18,36,1.8490667566657066,1.8490667566657066,True
TPCH,18,35,1.8490667566657066,1.8490667566657066,True
TPCH,18,34,1.8490667566657066,1.8490667566657066,True
TPCH,18,33,1.8490667566657066,1.8490667566657066,True
TPCH,18,32,1.8490667566657066,1.8457307144999504,False
TPCH,18,31,1.8457307144999504,1.8457307144999504,True
TPCH,18,30,1.8457307144999504,1.8457307144999504,True
TPCH,18,29,1.8457307144999504,1.8457307144999504,True
TPCH,18,28,1.8457307144999504,1.8457307144999504,True
TPCH,18,27,1.8457307144999504,1.8457307144999504,True
TPCH,18,26,1.8457307144999504,1.8457307144999504,True
TPCH,18,25,1.8457307144999504,1.8457307144999504,True
TPCH,18,24,1.8457307144999504,1.8457307144999504,True
TPCH,18,23,1.8457307144999504,1.8457307144999504,True
TPCH,18,22,1.8457307144999504,1.8457307144999504,True
TPCH,18,21,1.8457307144999504,1.8457307144999504,True
TPCH,18,20,1.8457307144999504,1.8457307144999504,True
TPCH,18,19,1.8457307144999504,1.8457307144999504,True
TPCH,18,18,1.8457307144999504,1.8457307144999504,True
TPCH,18,17,1.8457307144999504,1.8457307144999504,True
TPCH,18,16,1.8457307144999504,1.8457307144999504,True
TPCH,18,15,1.8457307144999504,1.8457307144999504,True
TPCH,18,14,1.8457307144999504,1.8457307144999504,True
TPCH,18,13,1.8457307144999504,1.843125358223915,False
TPCH,18,12,1.843125358223915,1.840249739587307,False
TPCH,18,11,1.840249739587307,1.840249739587307,True
TPCH,18,10,1.840249739587307,1.840249739587307,True
TPCH,18,9,1.840249739587307,1.840249739587307,True
TPCH,18,8,1.840249739587307,1.840249739587307,True
TPCH,18,7,1.840249739587307,1.840249739587307,True
TPCH,18,6,1.840249739587307,1.840249739587307,True
TPCH,18,5,1.840249739587307,1.840249739587307,True
TPCH,18,4,1.840249739587307,1.840249739587307,True
TPCH,18,3,1.840249739587307,1.840249739587307,True
TPCH,18,2,1.840249739587307,1.840249739587307,True
TPCH,18,1,1.840249739587307,1.840249739587307,True
TPCH,18,0,1.840249739587307,1.840249739587307,True
TPCH,19,63,0.07559201121330261,0.07559201121330261,True
TPCH,19,62,0.07559201121330261,0.07559201121330261,True
TPCH,19,61,0.07559201121330261,0.07559201121330261,True
TPCH,19,60,0.07559201121330261,0.07559201121330261,True
TPCH,19,59,0.07559201121330261,0.07359572499990463,False
TPCH,19,58,0.07359572499990463,0.07365293800830841,False
TPCH,19,57,0.07359572499990463,0.07359572499990463,True
TPCH,19,56,0.07359572499990463,0.07359572499990463,True
TPCH,19,55,0.07359572499990463,0.07359572499990463,True
TPCH,19,54,0.07359572499990463,0.07359572499990463,True
TPCH,19,53,0.07359572499990463,0.07359572499990463,True
TPCH,19,52,0.07359572499990463,0.07359572499990463,True
TPCH,19,51,0.07359572499990463,0.07359572499990463,True
TPCH,19,50,0.07359572499990463,0.07359572499990463,True
TPCH,19,49,0.07359572499990463,0.07359572499990463,True
TPCH,19,48,0.07359572499990463,0.07359572499990463,True
TPCH,19,47,0.07359572499990463,0.0712277963757515,False
TPCH,19,46,0.0712277963757515,0.0712277963757515,True
TPCH,19,45,0.0712277963757515,0.0712277963757515,True
TPCH,19,44,0.0712277963757515,0.0712277963757515,True
TPCH,19,43,0.0712277963757515,0.0712277963757515,True
TPCH,19,42,0.0712277963757515,0.0712277963757515,True
TPCH,19,41,0.0712277963757515,0.0712277963757515,True
TPCH,19,40,0.0712277963757515,0.0712277963757515,True
TPCH,19,39,0.0712277963757515,0.0712277963757515,True
TPCH,19,38,0.0712277963757515,0.0712277963757515,True
TPCH,19,37,0.0712277963757515,0.0712277963757515,True
TPCH,19,36,0.0712277963757515,0.0712277963757515,True
TPCH,19,35,0.0712277963757515,0.0712277963757515,True
TPCH,19,34,0.0712277963757515,0.0712277963757515,True
TPCH,19,33,0.0712277963757515,0.0712277963757515,True
TPCH,19,32,0.0712277963757515,0.0712277963757515,True
TPCH,19,31,0.0712277963757515,0.06960992515087128,False
TPCH,19,30,0.06960992515087128,0.06934002786874771,False
TPCH,19,29,0.06934002786874771,0.06934002786874771,True
TPCH,19,28,0.06934002786874771,0.06934002786874771,True
TPCH,19,27,0.06934002786874771,0.06934002786874771,True
TPCH,19,26,0.06934002786874771,0.06934002786874771,True
TPCH,19,25,0.06934002786874771,0.06934002786874771,True
TPCH,19,24,0.06934002786874771,0.06934002786874771,True
TPCH,19,23,0.06934002786874771,0.06934002786874771,True
TPCH,19,22,0.06934002786874771,0.06934002786874771,True
TPCH,19,21,0.06934002786874771,0.06934002786874771,True
TPCH,19,20,0.06934002786874771,0.06934002786874771,True
TPCH,19,19,0.06934002786874771,0.06934002786874771,True
TPCH,19,18,0.06934002786874771,0.06934002786874771,True
TPCH,19,17,0.06934002786874771,0.06934002786874771,True
TPCH,19,16,0.06934002786874771,0.06934002786874771,True
TPCH,19,15,0.06934002786874771,0.06851696968078613,False
TPCH,19,14,0.06851696968078613,0.06851696968078613,True
TPCH,19,13,0.06851696968078613,0.06851696968078613,True
TPCH,19,12,0.06851696968078613,0.06851696968078613,True
TPCH,19,11,0.06851696968078613,0.06851696968078613,True
TPCH,19,10,0.06851696968078613,0.06851696968078613,True
TPCH,19,9,0.06851696968078613,0.06851696968078613,True
TPCH,19,8,0.06851696968078613,0.06851696968078613,True
TPCH,19,7,0.06851696968078613,0.06891994923353195,False
TPCH,19,6,0.06851696968078613,0.06796558201313019,False
TPCH,19,5,0.06796558201313019,0.06796558201313019,True
TPCH,19,4,0.06796558201313019,0.06796558201313019,True
TPCH,19,3,0.06796558201313019,0.06796558201313019,True
TPCH,19,2,0.06796558201313019,0.06796558201313019,True
TPCH,19,1,0.06796558201313019,0.06796558201313019,True
TPCH,19,0,0.06796558201313019,0.06796558201313019,True
TPCH,20,63,0.12380442023277283,0.12380442023277283,True
TPCH,20,62,0.12380442023277283,0.12380442023277283,True
TPCH,20,61,0.12380442023277283,0.12380442023277283,True
TPCH,20,60,0.12380442023277283,0.12380442023277283,True
TPCH,20,59,0.12380442023277283,0.12380442023277283,True
TPCH,20,58,0.12380442023277283,0.12380442023277283,True
TPCH,20,57,0.12380442023277283,0.12380442023277283,True
TPCH,20,56,0.12380442023277283,0.12380442023277283,True
TPCH,20,55,0.12380442023277283,0.12380442023277283,True
TPCH,20,54,0.12380442023277283,0.12380442023277283,True
TPCH,20,53,0.12380442023277283,0.12380442023277283,True
TPCH,20,52,0.12380442023277283,0.12380442023277283,True
TPCH,20,51,0.12380442023277283,0.12380442023277283,True
TPCH,20,50,0.12380442023277283,0.12380442023277283,True
TPCH,20,49,0.12380442023277283,0.12380442023277283,True
TPCH,20,48,0.12380442023277283,0.12380442023277283,True
TPCH,20,47,0.12380442023277283,0.11603298038244247,False
TPCH,20,46,0.11603298038244247,0.11603298038244247,True
TPCH,20,45,0.11603298038244247,0.11603298038244247,True
TPCH,20,44,0.11603298038244247,0.11603298038244247,True
TPCH,20,43,0.11603298038244247,0.11603298038244247,True
TPCH,20,42,0.11603298038244247,0.11603298038244247,True
TPCH,20,41,0.11603298038244247,0.11603298038244247,True
TPCH,20,40,0.11603298038244247,0.11603298038244247,True
TPCH,20,39,0.11603298038244247,0.11603298038244247,True
TPCH,20,38,0.11603298038244247,0.11603298038244247,True
TPCH,20,37,0.11603298038244247,0.11603298038244247,True
TPCH,20,36,0.11603298038244247,0.11603298038244247,True
TPCH,20,35,0.11603298038244247,0.11603298038244247,True
TPCH,20,34,0.11603298038244247,0.11603298038244247,True
TPCH,20,33,0.11603298038244247,0.11603298038244247,True
TPCH,20,32,0.11603298038244247,0.11603298038244247,True
TPCH,20,31,0.11603298038244247,0.11667870730161667,False
TPCH,20,30,0.11603298038244247,0.11603298038244247,True
TPCH,20,29,0.11603298038244247,0.11603298038244247,True
TPCH,20,28,0.11603298038244247,0.11603298038244247,True
TPCH,20,27,0.11603298038244247,0.11603298038244247,True
TPCH,20,26,0.11603298038244247,0.11603298038244247,True
TPCH,20,25,0.11603298038244247,0.11603298038244247,True
TPCH,20,24,0.11603298038244247,0.11603298038244247,True
TPCH,20,23,0.11603298038244247,0.11603298038244247,True
TPCH,20,22,0.11603298038244247,0.11603298038244247,True
TPCH,20,21,0.11603298038244247,0.11603298038244247,True
TPCH,20,20,0.11603298038244247,0.11603298038244247,True
TPCH,20,19,0.11603298038244247,0.11603298038244247,True
TPCH,20,18,0.11603298038244247,0.11603298038244247,True
TPCH,20,17,0.11603298038244247,0.11603298038244247,True
TPCH,20,16,0.11603298038244247,0.11603298038244247,True
TPCH,20,15,0.11603298038244247,0.11603298038244247,True
TPCH,20,14,0.11603298038244247,0.11603298038244247,True
TPCH,20,13,0.11603298038244247,0.11603298038244247,True
TPCH,20,12,0.11603298038244247,0.11603298038244247,True
TPCH,20,11,0.11603298038244247,0.11603298038244247,True
TPCH,20,10,0.11603298038244247,0.11603298038244247,True
TPCH,20,9,0.11603298038244247,0.11603298038244247,True
TPCH,20,8,0.11603298038244247,0.11603298038244247,True
TPCH,20,7,0.11603298038244247,0.11603298038244247,True
TPCH,20,6,0.11603298038244247,0.11603298038244247,True
TPCH,20,5,0.11603298038244247,0.11603298038244247,True
TPCH,20,4,0.11603298038244247,0.11603298038244247,True
TPCH,20,3,0.11603298038244247,0.11603298038244247,True
TPCH,20,2,0.11603298038244247,0.11603298038244247,True
TPCH,20,1,0.11603298038244247,0.11603298038244247,True
TPCH,20,0,0.11603298038244247,0.11603298038244247,True
TPCH,21,63,0.8457484319806099,0.8457484319806099,True
TPCH,21,62,0.8457484319806099,0.8166503459215164,False
TPCH,21,61,0.8166503459215164,0.8051159456372261,False
TPCH,21,60,0.8051159456372261,0.7993168383836746,False
TPCH,21,59,0.7993168383836746,0.7993168383836746,True
TPCH,21,58,0.7993168383836746,0.7993168383836746,True
TPCH,21,57,0.7993168383836746,0.7993168383836746,True
TPCH,21,56,0.7993168383836746,0.7993168383836746,True
TPCH,21,55,0.7993168383836746,0.7993168383836746,True
TPCH,21,54,0.7993168383836746,0.7993168383836746,True
TPCH,21,53,0.7993168383836746,0.7993168383836746,True
TPCH,21,52,0.7993168383836746,0.7993168383836746,True
TPCH,21,51,0.7993168383836746,0.7993168383836746,True
TPCH,21,50,0.7993168383836746,0.7993168383836746,True
TPCH,21,49,0.7993168383836746,0.7993168383836746,True
TPCH,21,48,0.7993168383836746,0.7993168383836746,True
TPCH,21,47,0.7993168383836746,0.7993168383836746,True
TPCH,21,46,0.7993168383836746,0.7993168383836746,True
TPCH,21,45,0.7993168383836746,0.7993168383836746,True
TPCH,21,44,0.7993168383836746,0.7993168383836746,True
TPCH,21,43,0.7993168383836746,0.7993168383836746,True
TPCH,21,42,0.7993168383836746,0.7993168383836746,True
TPCH,21,41,0.7993168383836746,0.7993168383836746,True
TPCH,21,40,0.7993168383836746,0.7993168383836746,True
TPCH,21,39,0.7993168383836746,0.7993168383836746,True
TPCH,21,38,0.7993168383836746,0.7993168383836746,True
TPCH,21,37,0.7993168383836746,0.7993168383836746,True
TPCH,21,36,0.7993168383836746,0.7993168383836746,True
TPCH,21,35,0.7993168383836746,0.7993168383836746,True
TPCH,21,34,0.7993168383836746,0.7993168383836746,True
TPCH,21,33,0.7993168383836746,0.7993168383836746,True
TPCH,21,32,0.7993168383836746,0.7993168383836746,True
TPCH,21,31,0.7993168383836746,0.7993168383836746,True
TPCH,21,30,0.7993168383836746,0.7993168383836746,True
TPCH,21,29,0.7993168383836746,0.7993168383836746,True
TPCH,21,28,0.7993168383836746,0.7993168383836746,True
TPCH,21,27,0.7993168383836746,0.7993168383836746,True
TPCH,21,26,0.7993168383836746,0.7993168383836746,True
TPCH,21,25,0.7993168383836746,0.7993168383836746,True
TPCH,21,24,0.7993168383836746,0.7993168383836746,True
TPCH,21,23,0.7993168383836746,0.7993168383836746,True
TPCH,21,22,0.7993168383836746,0.7993168383836746,True
TPCH,21,21,0.7993168383836746,0.7993168383836746,True
TPCH,21,20,0.7993168383836746,0.7993168383836746,True
TPCH,21,19,0.7993168383836746,0.7993168383836746,True
TPCH,21,18,0.7993168383836746,0.7993168383836746,True
TPCH,21,17,0.7993168383836746,0.7993168383836746,True
TPCH,21,16,0.7993168383836746,0.7993168383836746,True
TPCH,21,15,0.7993168383836746,0.7993168383836746,True
TPCH,21,14,0.7993168383836746,0.7993168383836746,True
TPCH,21,13,0.7993168383836746,0.7981842756271362,False
TPCH,21,12,0.7981842756271362,0.7977038845419884,False
TPCH,21,11,0.7977038845419884,0.7977038845419884,True
TPCH,21,10,0.7977038845419884,0.7977038845419884,True
TPCH,21,9,0.7977038845419884,0.7977038845419884,True
TPCH,21,8,0.7977038845419884,0.7977038845419884,True
TPCH,21,7,0.7977038845419884,0.7977038845419884,True
TPCH,21,6,0.7977038845419884,0.7977038845419884,True
TPCH,21,5,0.7977038845419884,0.7977038845419884,True
TPCH,21,4,0.7977038845419884,0.7977038845419884,True
TPCH,21,3,0.7977038845419884,0.7977038845419884,True
TPCH,21,2,0.7977038845419884,0.7977038845419884,True
TPCH,21,1,0.7977038845419884,0.7977038845419884,True
TPCH,21,0,0.7977038845419884,0.7977038845419884,True
TPCH,22,63,0.17275618761777878,0.17275618761777878,True
TPCH,22,62,0.17275618761777878,0.162320077419281,False
TPCH,22,61,0.162320077419281,0.162320077419281,True
TPCH,22,60,0.162320077419281,0.162320077419281,True
TPCH,22,59,0.162320077419281,0.162320077419281,True
TPCH,22,58,0.162320077419281,0.162320077419281,True
TPCH,22,57,0.162320077419281,0.162320077419281,True
TPCH,22,56,0.162320077419281,0.162320077419281,True
TPCH,22,55,0.162320077419281,0.162320077419281,True
TPCH,22,54,0.162320077419281,0.162320077419281,True
TPCH,22,53,0.162320077419281,0.162320077419281,True
TPCH,22,52,0.162320077419281,0.162320077419281,True
TPCH,22,51,0.162320077419281,0.162320077419281,True
TPCH,22,50,0.162320077419281,0.162320077419281,True
TPCH,22,49,0.162320077419281,0.162320077419281,True
TPCH,22,48,0.162320077419281,0.162320077419281,True
TPCH,22,47,0.162320077419281,0.162320077419281,True
TPCH,22,46,0.162320077419281,0.16231218725442886,False
TPCH,22,45,0.16231218725442886,0.16231218725442886,True
TPCH,22,44,0.16231218725442886,0.16231218725442886,True
TPCH,22,43,0.16231218725442886,0.16231218725442886,True
TPCH,22,42,0.16231218725442886,0.16231218725442886,True
TPCH,22,41,0.16231218725442886,0.16231218725442886,True
TPCH,22,40,0.16231218725442886,0.16231218725442886,True
TPCH,22,39,0.16231218725442886,0.16231218725442886,True
TPCH,22,38,0.16231218725442886,0.16231218725442886,True
TPCH,22,37,0.16231218725442886,0.16231218725442886,True
TPCH,22,36,0.16231218725442886,0.16231218725442886,True
TPCH,22,35,0.16231218725442886,0.16231218725442886,True
TPCH,22,34,0.16231218725442886,0.16231218725442886,True
TPCH,22,33,0.16231218725442886,0.16231218725442886,True
TPCH,22,32,0.16231218725442886,0.16231218725442886,True
TPCH,22,31,0.16231218725442886,0.16231218725442886,True
TPCH,22,30,0.16231218725442886,0.16231218725442886,True
TPCH,22,29,0.16231218725442886,0.16231218725442886,True
TPCH,22,28,0.16231218725442886,0.16231218725442886,True
TPCH,22,27,0.16231218725442886,0.16231218725442886,True
TPCH,22,26,0.16231218725442886,0.16231218725442886,True
TPCH,22,25,0.16231218725442886,0.16231218725442886,True
TPCH,22,24,0.16231218725442886,0.16231218725442886,True
TPCH,22,23,0.16231218725442886,0.16231218725442886,True
TPCH,22,22,0.16231218725442886,0.16231218725442886,True
TPCH,22,21,0.16231218725442886,0.16231218725442886,True
TPCH,22,20,0.16231218725442886,0.16231218725442886,True
TPCH,22,19,0.16231218725442886,0.16231218725442886,True
TPCH,22,18,0.16231218725442886,0.16231218725442886,True
TPCH,22,17,0.16231218725442886,0.16231218725442886,True
TPCH,22,16,0.16231218725442886,0.16231218725442886,True
TPCH,22,15,0.16231218725442886,0.16231218725442886,True
TPCH,22,14,0.16231218725442886,0.16231218725442886,True
TPCH,22,13,0.16231218725442886,0.16231218725442886,True
TPCH,22,12,0.16231218725442886,0.16231218725442886,True
TPCH,22,11,0.16231218725442886,0.16231218725442886,True
TPCH,22,10,0.16231218725442886,0.16231218725442886,True
TPCH,22,9,0.16231218725442886,0.16231218725442886,True
TPCH,22,8,0.16231218725442886,0.16231218725442886,True
TPCH,22,7,0.16231218725442886,0.16231218725442886,True
TPCH,22,6,0.16231218725442886,0.16231218725442886,True
TPCH,22,5,0.16231218725442886,0.16231218725442886,True
TPCH,22,4,0.16231218725442886,0.16231218725442886,True
TPCH,22,3,0.16231218725442886,0.16231218725442886,True
TPCH,22,2,0.16231218725442886,0.16231218725442886,True
TPCH,22,1,0.16231218725442886,0.16231218725442886,True
TPCH,22,0,0.16231218725442886,0.16231218725442886,True
